item_code,item_description,item_description_ar,supplier_item_ref,int_barcode,loc_barcode,purchase_point,ib,uom_value,uom_id,supplier_uom_value,supplier_uom_id,weight_value,weight_id,type_id,division_id,dept_code_id,supplier_code_id,product_code_id,subproduct_code_id,group_line_id,brand_line_code_id,brand_cls_code_id,section_code_id,size_code_id,gender_code_id,fragrance_code_id,color_code_id,collection_code_id,made_in_id,item_status_code_id,created_on,created_by,updated_on,updated_by,selectivetax,vatpercentage
DD-001735009,ADD DEO SPR 100ML INT15,,F001735009,,,40,0,1,5,,,,,3,1,5,20,18,22,97,15,48,8,10,3,,12,1,,1,,,,,,
DD-006282849,ADD E/ FRAICH NEW EDT SPR 50ML INT,,F006282849,,,40,0,1,5,,,,,3,1,5,20,18,388,97,15,50,8,8,3,2,12,1,,1,,,,,,
DD-006284849,ADD E/ FRAICH NEW EDT SPR 100ML IN,,F006284849,,,40,0,1,5,,,,,3,1,5,20,18,388,97,15,50,8,10,3,2,12,1,,1,,,,,,
DD-007282409,ADD EDP NEW SPR 50ML INT14,,F007282409,,,40,0,1,5,,,,,3,1,5,20,18,388,97,15,49,8,8,3,,12,1,,1,,,,,,
DD-007284409,ADD EDP NEW SPR 100ML INT14,,F007284409,,,40,0,1,5,,,,,3,1,5,20,18,388,97,15,49,8,10,3,3,12,1,,1,,,,,,
DD-062872009,ADD NEW EDT SP 50ML INT14,,F062872009,,,40,0,1,5,,,,,3,1,5,20,18,388,97,15,49,8,8,3,,12,1,,1,,,,,,
DD-062874009,ADD NEW EDT SP 100ML INT14,,F062874009,,,40,0,1,5,,,,,3,1,5,20,18,388,97,15,49,8,10,3,,12,1,,1,,,,,,
DD-000500000,DH EDT AS BALM P/BTL 100ML INT15,,F000500000,,,40,0,1,5,,,,,3,1,5,20,18,22,97,16,51,8,10,2,,12,1,,1,,,,,,
DD-000947000,DH EDT SHOWER GEL BTL 200ML INT15,,F000947000,,,40,0,1,5,,,,,3,1,5,20,18,22,97,16,51,8,21,2,,12,1,,1,,,,,,
DD-001736009,DH EDT DEO SPR 150ML INT15,,F001736009,,,40,0,1,5,,,,,3,1,5,20,18,22,97,16,51,8,20,2,,12,1,,1,,,,,,
DD-001800000,DH EDT DEO STICK 75GR INT15,,F001800000,,,40,0,1,5,,,,,3,1,5,20,18,22,97,16,51,8,25,2,,12,1,,1,,,,,,
DD-036914000,CD MASCULINE(H)AFS LOTION BOTTLE 1,,F036914000,,,40,0,1,5,,,,,3,1,5,20,18,22,97,16,51,8,10,2,,12,1,,1,,,,,,
DD-046922009,CD MASCULINE(H)EDT SPRAY 50ML,,F046922009,,,40,0,1,5,,,,,3,1,5,20,18,388,97,16,51,8,8,2,,12,1,,1,,,,,,
DD-046924009,CD MASCULINE(H)EDT SPRAY 100ML,,F046924009,,,40,0,1,5,,,,,3,1,5,20,18,388,97,16,51,8,10,2,,12,1,,1,,,,,,
DD-047922709,DIOR-HOMME INTENSE EDP 50ML,,F047922709,,,40,0,1,5,,,,,3,1,5,20,18,388,97,16,51,8,8,2,,12,1,,1,,,,,,
DD-047924709,HOMME INTENSE EDP 100ML,,F047924709,,,40,0,1,5,,,,,3,1,5,20,18,388,97,16,52,8,10,2,,12,1,,1,,,,,,
DD-066926009,DH EDT SPRAY 150ML INT11,,F066926009,,,40,0,1,5,,,,,3,1,5,20,18,388,97,16,51,8,20,2,,12,1,,1,,,,,,
DD-068922709,DH SPORT EDT SPR 50ML INT17,,F068922709,,,40,0,1,5,,,,,3,1,5,20,18,388,97,16,53,8,8,2,,12,1,,1,,,,,,
DD-068923709,DH SPORT EDT SPR 75ML INT17,,F068923709,,,40,0,1,5,,,,,3,1,5,20,18,388,97,16,53,8,9,2,,12,1,,1,,,,,,
DD-068955709,DH SPORT EDT SPR 125ML INT17,,F068955709,,,40,0,1,5,,,,,3,1,5,20,18,388,97,16,53,8,11,2,,12,1,,1,,,,,,
DD-077926009,DHI EDP SPRAY 150ML INT11,,F077926009,,,40,0,1,5,,,,,3,1,5,20,18,388,97,16,52,8,20,2,,12,1,,1,,,,,,
DD-091903009,DH COLOGNE SPR 75ML INT13,,F091903009,,,40,0,1,5,,,,,3,1,5,20,18,388,97,16,51,8,9,2,,12,1,,1,,,,,,
DD-091928009,DH COLOGNE SPR 200ML INT15,,F091928009,,,40,0,1,5,,,,,3,1,5,20,18,388,97,16,51,8,21,2,,12,1,,1,,,,,,
DD-091955009,DH COLOGNE SPR 125ML INT13,,F091955009,,,40,0,1,5,,,,,3,1,5,20,18,388,97,16,51,8,11,2,,12,1,,1,,,,,,
DD-099600057,DH SPORT VERY COOL SPRAY 100ML INT,,C099600057,,,40,0,1,5,,,,,3,1,5,20,18,388,97,16,53,8,10,2,,12,1,,1,,,,,,
DD-099600060,DH SPORT EDT SPR 200ML INT18,,C099600060,,,40,0,1,5,,,,,3,1,5,20,18,388,97,16,53,8,21,2,,12,1,,1,,,,,,
DD-006824009,CD DIORELLA EDT SPRAY 100ML,,F006824009,,,40,0,1,5,,,,,3,1,5,20,18,388,97,17,54,8,10,3,,12,1,,1,,,,,,
DD-006422909,CD DIORISSIMO EDT SPRAY 50ML,,F006422909,,,40,0,1,5,,,,,3,1,5,20,18,388,97,18,55,8,8,3,,12,1,,1,,,,,,
DD-006424909,CD DIORISSIMO EDT SPRAY 100ML,,F006424909,,,40,0,1,5,,,,,3,1,5,20,18,388,97,18,55,8,10,3,,12,1,,1,,,,,,
DD-061022009,CD DOLCE VITA EDT SPRAY 50ML,,F061022009,,,40,0,1,5,,,,,3,1,5,20,18,388,97,19,56,8,8,3,,12,1,,1,,,,,,
DD-061024009,CD DOLCE VITA EDT SPRAY 100ML,,F061024009,,,40,0,1,5,,,,,3,1,5,20,18,388,97,19,56,8,10,3,,12,1,,1,,,,,,
DD-006922009,CD DUNE EDT SPRAY 50ML,,F006922009,,,40,0,1,5,,,,,3,1,5,20,18,388,97,20,57,8,8,3,,12,1,,1,,,,,,
DD-006924009,CD DUNE EDT SPRAY 100ML,,F006924009,,,40,0,1,5,,,,,3,1,5,20,18,388,97,20,57,8,10,3,,12,1,,1,,,,,,
DD-069024009,CD DUNE(M) EDT SPRAY 100ML,,F069024009,,,40,0,1,5,,,,,3,1,5,20,18,388,97,20,58,8,10,2,,12,1,,1,,,,,,
DD-000794000,ES SOAP 150 GINT 09,,F000794000,,,40,0,1,5,,,,,3,1,5,20,18,22,97,21,59,8,24,2,,12,1,,1,,,,,,
DD-005767100,DEO STICK SA E.SAUVAGE 75ML,,F005767100,,,40,0,1,5,,,,,3,1,5,20,18,22,97,21,59,8,25,2,,12,1,,1,,,,,,
DD-057014000,EAU SAUVAGE ASF LOTION 100ML,,F057014000,,,40,0,1,5,,,,,3,1,5,20,18,22,97,21,59,8,10,2,,12,1,,1,,,,,,
DD-057064000,EAU SAUVAGE DEO 150ML,,F057064000,,,40,0,1,5,,,,,3,1,5,20,18,22,97,21,59,8,20,2,,12,1,,1,,,,,,
DD-007824009,ES EXTREME EDT 100ML,,F007824009,,,40,0,1,5,,,,,3,1,5,20,18,388,97,21,60,8,10,2,,12,1,,1,,,,,,
DD-009722109,CD E.SVGE EDT SPRAY 50ML,,F009722109,,,40,0,1,5,,,,,3,1,5,20,18,388,97,21,60,8,8,2,,12,1,,1,,,,,,
DD-009724109,CD E.SVGE EDT SPRAY 100ML,,F009724109,,,40,0,1,5,,,,,3,1,5,20,18,388,97,21,60,8,10,2,,12,1,,1,,,,,,
DD-009728109,EAU SAUVAGE 200ML EDT SPRAY,,F009728109,,,40,0,1,5,,,,,3,1,5,20,18,388,97,21,59,8,21,2,,12,1,,1,,,,,,
DD-089622009,ES PARFUM SPR 50ML INT17,,F089622009,,,40,0,1,5,,,,,3,1,5,20,18,388,97,21,59,8,8,2,,12,1,,1,,,,,,
DD-089624009,ES PARFUM SPR 100ML INT17,,F089624009,,,40,0,1,5,,,,,3,1,5,20,18,388,97,21,59,8,10,2,,12,1,,1,,,,,,
DD-089628009,ES PARFUM SPR 200ML INT17,,F089628009,,,40,0,1,5,,,,,3,1,5,20,18,388,97,21,59,8,21,2,,12,1,,1,,,,,,
DD-099722009,ES COLOGNE SPR 50ML INT15,,F099722009,,,40,0,1,5,,,,,3,1,5,20,18,388,97,21,59,8,8,2,,12,1,,1,,,,,,
DD-099724009,ES COLOGNE SPR 100ML INT15,,F099724009,,,40,0,1,5,,,,,3,1,5,20,18,388,97,21,59,8,10,2,,12,1,,1,,,,,,
DD-400000231,XMAS ES EDT JEWEL BOX INT 18,,C400000231,,,40,0,1,5,,,,,3,1,5,20,18,142,97,21,59,8,10,2,,12,1,,1,,,,,,
DD-067424009,CD HIGHER ENERGY EDT NAT SPRAY 100,,F067424009,,,40,0,1,5,,,,,3,1,5,20,18,388,97,24,61,8,10,2,,12,1,,1,,,,,,
DD-000946000,FRT SHOWER GEL BTL 200ML INT15,,F000946000,,,40,0,1,5,,,,,3,1,5,20,18,22,97,22,62,8,21,2,,12,1,,1,,,,,,
DD-005624009,CD FAHRENHEIT AFS SPRAY 100ML,,F005624009,,,40,0,1,5,,,,,3,1,5,20,18,22,97,22,62,8,10,2,,12,1,,1,,,,,,
DD-005665900,FAHRENHEIT DEO ST 75,,F005665900,,,40,0,1,5,,,,,3,1,5,20,18,22,97,22,62,8,9,2,,12,1,,1,,,,,,
DD-005666909,CD FAHRENHEIT DEO SPRAY 150ML,,F005666909,,,40,0,1,5,,,,,3,1,5,20,18,22,97,22,62,8,20,2,,12,1,,1,,,,,,
DD-006622009,CD FAHRENHEIT EDT SPRAY 50ML,,F006622009,,,40,0,1,5,,,,,3,1,5,20,18,388,97,22,62,8,8,2,,12,1,,1,,,,,,
DD-006624009,CD FAHRENHEIT EDT SPRAY 100ML,,F006624009,,,40,0,1,5,,,,,3,1,5,20,18,388,97,22,62,8,10,2,,12,1,,1,,,,,,
DD-006628009,CD FAHRENHEIT EDT SPRAY 200ML,,F006628009,,,40,0,1,5,,,,,3,1,5,20,18,388,97,22,62,8,21,2,,12,1,,1,,,,,,
DD-009623009,FRT COLOGNE SPR 75ML INT16,,F009623009,,,40,0,1,5,,,,,3,1,5,20,18,388,97,22,62,8,9,2,,12,1,,1,,,,,,
DD-009628009,FRT COLOGNE SPR 200ML INT16,,F009628009,,,40,0,1,5,,,,,3,1,5,20,18,388,97,22,62,8,21,2,,12,1,,1,,,,,,
DD-009655009,FRT COLOGNE SPR 125ML INT16,,F009655009,,,40,0,1,5,,,,,3,1,5,20,18,388,97,22,62,8,23,2,,12,1,,1,,,,,,
DD-086623009,FAHRENHEIT EDP 75ML,,F086623009,,,40,0,1,5,,,,,3,1,5,20,18,388,97,22,62,8,9,2,,12,1,,1,,,,,,
DD-400000233,XMAS FRT EDT JEWEL BOX INT18,,C400000233,,,40,0,1,5,,,,,3,1,5,20,18,388,97,22,62,8,10,2,,12,1,,1,,,,,,
DD-003074609,FOR EVER EVER EDT 100ML,,F003074609,,,40,0,1,5,,,,,3,1,5,20,18,388,97,28,63,8,10,3,,12,1,,1,,,,,,
DD-000407000,JAD BATH BODY OIL BTL 200ML INT16,,F000407000,,,40,0,1,5,,,,,3,1,5,20,18,22,97,23,64,8,21,3,,12,1,,1,,,,,,
DD-001102000,JAD BODY CREAM JAR 150ML INT17,,F001102000,,,40,0,1,5,,,,,3,1,5,20,18,22,97,23,64,8,20,3,,12,1,,1,,,,,,
DD-001525000,JAD BODY OIL S/BTL 150ML INT14,,F001525000,,,40,0,1,5,,,,,3,1,5,20,18,22,97,23,64,8,20,3,,12,1,,1,,,,,,
DD-001601009,JAD HAIR MIST SPR 40ML INT17,,F001601009,,,40,0,1,5,,,,,3,1,5,20,18,22,97,23,64,8,26,3,,12,1,,1,,,,,,
DD-051505000,J ADORE BEAUTIFYING BODY MILK,,F051505000,,,40,0,1,5,,,,,3,1,5,20,18,22,97,23,64,8,20,3,,12,1,,1,,,,,,
DD-052015818,DIOR - J'ADORE LGEL DOUCHE 200ML,,F052015818,,,40,0,1,5,,,,,3,1,5,20,18,22,97,23,64,8,21,3,,12,1,,1,,,,,,
DD-053015833,DIOR - J'ADORE SAVON 150GM,,F053015833,,,40,0,1,5,,,,,3,1,5,20,18,22,97,23,64,8,24,3,,12,1,,1,,,,,,
DD-054015864,DIOR - J'ADORE DEODORANT 100ML,,F054015864,,,40,0,1,5,,,,,3,1,5,20,18,22,97,23,64,8,10,3,,12,1,,1,,,,,,
DD-041542709,JAD L OR ESSP SPR 40ML INT17,,F041542709,,,40,0,1,5,,,,,3,1,5,20,18,388,97,23,65,8,26,3,,12,1,,1,,,,,,
DD-043530000,JAD TOUCH PARF ESSP BTL 20 ML INT1,,F043530000,,,40,0,1,5,,,,,3,1,5,20,18,388,97,23,67,8,17,3,,12,1,,1,,,,,,
DD-061586709,JAD EDT SPR 150ML INT17,,F061586709,,,40,0,1,5,,,,,3,1,5,20,18,388,97,23,69,8,20,3,,12,1,,1,,,,,,
DD-071322009,JAD IN JOY EDT SPR 50ML INT17,,F071322009,,,40,0,1,5,,,,,3,1,5,20,18,388,97,23,82,8,8,3,,12,1,,1,,,,,,
DD-071324009,JAD IN JOY EDT SPR 100ML INT17,,F071324009,,,40,0,1,5,,,,,3,1,5,20,18,388,97,23,82,8,10,3,,12,1,,1,,,,,,
DD-071522009,CD J'ADORE EDP SPRAY 50ML,,F071522009,,,40,0,1,5,,,,,3,1,5,20,18,388,97,23,68,8,8,3,,12,1,,1,,,,,,
DD-071524009,CD J'ADORE EDP SPRAY 100ML,,F071524009,,,40,0,1,5,,,,,3,1,5,20,18,388,97,23,68,8,10,3,,12,1,,1,,,,,,
DD-099600061,JAD BODY MIST SPR 100ML INT18,,C099600061,,,40,0,1,5,,,,,3,1,5,20,18,388,97,23,64,8,10,3,,12,1,,1,,,,,,
DD-099600083,JAD ABS SPR INT 18,,C099600083,,,40,0,1,5,,,,,3,1,5,20,18,388,97,23,66,8,8,3,,12,1,,1,,,,,,
DD-099600084,JAD ABS SPR INT 18,,C099600084,,,40,0,1,5,,,,,3,1,5,20,18,388,97,23,66,8,9,3,,12,1,,1,,,,,,
DD-361522609,JAD EDT NEW SPR 50ML INT16,,F361522609,,,40,0,1,5,,,,,3,1,5,20,18,388,97,23,69,8,8,3,,12,1,,1,,,,,,
DD-361524609,JAD EDT NEW SPR 100ML INT16,,F361524609,,,40,0,1,5,,,,,3,1,5,20,18,388,97,23,69,8,10,3,,12,1,,1,,,,,,
DD-400000209,XMAS JAD EDP JEWEL BOX IT 18,,C400000209,,,40,0,1,5,,,,,3,1,5,20,18,388,97,23,68,8,8,3,,12,1,,1,,,,,,
DD-400000221,XMAS JAD EDP JEWEL BOX INT 18,,C400000221,,,40,0,1,5,,,,,3,1,5,20,18,388,97,23,68,8,10,3,,12,1,,1,,,,,,
DD-000951000,MD SHOWER GEL BTL 200ML INT17,,F000951000,,,40,0,1,5,,,,,3,1,5,20,18,22,97,25,70,8,21,3,,12,1,,1,,,,,,
DD-001101000,MD BODY CREAM JAR 150ML INT17,,F001101000,,,40,0,1,5,,,,,3,1,5,20,18,22,97,25,70,8,20,3,,12,1,,1,,,,,,
DD-001600009,MD HAIR MIST SPR 30ML INT15,,F001600009,,,40,0,1,5,,,,,3,1,5,20,18,22,97,25,70,8,7,3,,12,1,,1,,,,,,
DD-001738000,MD DEO SPR 100ML INT17,,F001738000,,,40,0,1,5,,,,,3,1,5,20,18,22,97,25,70,8,10,3,,12,1,,1,,,,,,
DD-001901009,MD BODY MIST SPR 100ML INT16,,F001901009,,,40,0,1,5,,,,,3,1,5,20,18,22,97,25,70,8,10,3,,12,1,,1,,,,,,
DD-099600058,MD HAND CREAM TB 50ML INT18,,C099600058,,,40,0,1,5,,,,,3,1,5,20,18,22,97,25,70,8,8,3,,12,1,,1,,,,,,
DD-099600059,MD BODY OIL BTL 100ML INT18,,C099600059,,,40,0,1,5,,,,,3,1,5,20,18,22,97,25,70,8,10,3,,12,1,,1,,,,,,
DD-000807000,MD BODY MILK BTL 200ML INT17,,F000807000,,,40,0,1,5,,,,,3,1,5,20,18,22,97,25,70,8,21,3,,12,1,,1,,,,,,
DD-006222909,CD MS DIOR EDT SPRAY 50ML,,F006222909,,,40,0,1,5,,,,,3,1,5,20,18,388,97,25,71,8,8,3,,12,1,,1,,,,,,
DD-006224909,CD MS DIOR EDT SPRAY 100ML,,F006224909,,,40,0,1,5,,,,,3,1,5,20,18,388,97,25,71,8,10,3,,12,1,,1,,,,,,
DD-006242309,MD EDT SPR 50ML INT13,,F006242309,,,40,0,1,5,,,,,3,1,5,20,18,388,97,25,71,8,8,3,,12,1,,1,,,,,,
DD-006244309,MD EDT SPR 100ML INT13,,F006244309,,,40,0,1,5,,,,,3,1,5,20,18,388,97,25,71,8,10,3,,12,1,,1,,,,,,
DD-008222719,MD EDP SPR 50ML INT17,,F008222719,,,40,0,1,5,,,,,3,1,5,20,18,388,97,25,157,8,8,3,,12,1,,1,,,,,,
DD-008224709,MD EDP SPR 100ML INT17,,F008224709,,,40,0,1,5,,,,,3,1,5,20,18,388,97,25,157,8,10,3,,12,1,,1,,,,,,
DD-008286709,MD EDP SPR 150ML INT17,,F008286709,,,40,0,1,5,,,,,3,1,5,20,18,388,97,25,157,8,20,3,,12,1,,1,,,,,,
DD-032622889,MD EDT VAPO 8 ASIE 08,,F032622889,,,40,0,1,5,,,,,3,1,5,20,18,388,97,25,71,8,8,3,,12,1,,1,,,,,,
DD-032624889,MD BLOOMING BOUQUET EDT SPRAY 100,,F032624889,,,40,0,1,5,,,,,3,1,5,20,18,388,97,25,72,8,10,3,,12,1,,1,,,,,,
DD-032686009,MD BB EDT SPR 150ML INT16,,F032686009,,,40,0,1,5,,,,,3,1,5,20,18,388,97,25,72,8,20,3,,12,1,,1,,,,,,
DD-041203009,MD LE PARFUM SPR 75ML INT12,,F041203009,,,40,0,1,5,,,,,3,1,5,20,18,388,97,25,73,8,9,3,,12,1,,1,,,,,,
DD-041242009,MD LE PARFUM SPR 40ML INT12,,F041242009,,,40,0,1,5,,,,,3,1,5,20,18,388,97,25,73,8,26,3,,12,1,,1,,,,,,
DD-078222009,MD ABS BLOOM EDP SPR 50ML INT16,,F078222009,,,40,0,1,5,,,,,3,1,5,20,18,388,97,25,74,8,8,3,,12,1,,1,,,,,,
DD-078224009,MD ABS BLOOM EDP SPR 100ML INT16,,F078224009,,,40,0,1,5,,,,,3,1,5,20,18,388,97,25,74,8,10,3,,12,1,,1,,,,,,
DD-056364009,HPSN DEO AEROS 100ML,,F056364009,,,40,0,1,5,,,,,3,1,5,20,18,22,97,26,76,8,10,3,,12,1,,1,,,,,,
DD-099600002,PSNG BODY MILK BTL 200ML INT18,,C099600002,,,40,0,1,5,,,,,3,1,5,20,18,22,97,26,75,8,21,3,,12,1,,1,,,,,,
DD-006322009,CD POISON EDT SPRAY 50ML,,F006322009,,,40,0,1,5,,,,,3,1,5,20,18,388,97,26,75,8,8,3,,12,1,,1,,,,,,
DD-006324009,CD POISON EDT SPRAY 100ML,,F006324009,,,40,0,1,5,,,,,3,1,5,20,18,388,97,26,76,8,10,3,,12,1,,1,,,,,,
DD-006342009,CD HYPNOTIC POISON EDT SPRAY 50ML,,F006342009,,,40,0,1,5,,,,,3,1,5,20,18,388,97,26,76,8,8,3,,12,1,,1,,,,,,
DD-006344009,CD HYPNOTIC POISON EDT SPRAY 100ML,,F006344009,,,40,0,1,5,,,,,3,1,5,20,18,388,97,26,76,8,10,3,,12,1,,1,,,,,,
DD-006386009,HYPNOTIC POISON EDT 150ML,,F006386009,,,40,0,1,5,,,,,3,1,5,20,18,388,97,26,76,8,20,3,,12,1,,1,,,,,,
DD-008322609,CD PURE POISON EDP NATURAL SPRAY 5,,F008322609,,,40,0,1,5,,,,,3,1,5,20,18,388,97,26,77,8,8,3,,12,1,,1,,,,,,
DD-008324609,CD PURE POISON EDP NATURAL SPRAY 1,,F008324609,,,40,0,1,5,,,,,3,1,5,20,18,388,97,26,77,8,10,3,,12,1,,1,,,,,,
DD-008342409,HYPNOTIC POISON EDP 50ML,,F008342409,,,40,0,1,5,,,,,3,1,5,20,18,388,97,26,76,8,8,3,,12,1,,1,,,,,,
DD-008344409,HYPNOTIC POISON EDP 100ML,,F008344409,,,40,0,1,5,,,,,3,1,5,20,18,388,97,26,76,8,10,3,,12,1,,1,,,,,,
DD-026322009,PSNG EDT SPR 50ML INT17,,F026322009,,,40,0,1,5,,,,,3,1,5,20,18,388,97,26,77,8,8,3,,12,1,,1,,,,,,
DD-026324009,PSNG EDT SPR 100ML INT17,,F026324009,,,40,0,1,5,,,,,3,1,5,20,18,388,97,26,77,8,10,3,,12,1,,1,,,,,,
DD-076322009,PSNG EDP SPR 50ML INT16,,F076322009,,,40,0,1,5,,,,,3,1,5,20,18,388,97,26,77,8,8,3,,12,1,,1,,,,,,
DD-076324009,PSNG EDP SPR 100ML INT16,,F076324009,,,40,0,1,5,,,,,3,1,5,20,18,388,97,26,77,8,10,3,,12,1,,1,,,,,,
DD-099600070,PSNG UNEXPECTED EDT SPR 50ML INT18,,C099600070,,,40,0,1,5,,,,,3,1,5,20,18,388,97,26,78,8,8,3,,12,1,,1,,,,,,
DD-099600071,PSNG UNEXPECTED EDT SPR 100ML INT1,,C099600071,,,40,0,1,5,,,,,3,1,5,20,18,388,97,26,78,8,10,3,,12,1,,1,,,,,,
DD-099600078,PSNG R-PEARL UNEXPECTED 20ML INT18,,C099600078,,,40,0,1,5,,,,,3,1,5,20,18,388,97,26,78,8,17,3,,12,1,,1,,,,,,
DD-099600079,PSNG R-PEARL EDT 20ML INT18,,C099600079,,,40,0,1,5,,,,,3,1,5,20,18,388,97,26,78,8,17,3,,12,1,,1,,,,,,
DD-000502000,SAUVAGE AS BALM P/BTL 100ML INT16,,F000502000,,,40,0,1,5,,,,,3,1,5,20,18,22,97,27,79,8,10,2,,12,1,,1,,,,,,
DD-000655000,SAUVAGE AF/SH LOT BTL 100ML INT15,,F000655000,,,40,0,1,5,,,,,3,1,5,20,18,22,97,27,79,8,10,2,,12,1,,1,,,,,,
DD-000950000,SAUVAGE SHOWER GEL BTL 200ML INT16,,F000950000,,,40,0,1,5,,,,,3,1,5,20,18,22,97,27,79,8,21,2,,12,1,,1,,,,,,
DD-001734009,SAUVAGE DEO SPR 150ML INT15,,F001734009,,,40,0,1,5,,,,,3,1,5,20,18,22,97,27,79,8,20,2,,12,1,,1,,,,,,
DD-068522009,SAUVAGE EDT SPR 60ML INT15,,F068522009,,,40,0,1,5,,,,,3,1,5,20,18,388,97,27,80,8,15,2,,12,1,,1,,,,,,
DD-068524009,SAUVAGE EDT SPR 100ML INT15,,F068524009,,,40,0,1,5,,,,,3,1,5,20,18,388,97,27,80,8,10,2,,12,1,,1,,,,,,
DD-068528009,SAUVAGE EDT SPR 200ML INT16,,F068528009,,,40,0,1,5,,,,,3,1,5,20,18,388,97,27,80,8,21,2,,12,1,,1,,,,,,
DD-078522009,SAUVAGE EDP SPR 60ML INT18,,F078522009,,,40,0,1,5,,,,,3,1,5,20,18,388,97,27,81,8,15,2,,12,1,,1,,,,,,
DD-078524009,SAUVAGE EDP SPR 100ML INT18,,F078524009,,,40,0,1,5,,,,,3,1,5,20,18,388,97,27,81,8,10,2,,12,1,,1,,,,,,
DD-098524009,SAUVAGE COOL SPRAY 100ML INT17,,F098524009,,,40,0,1,5,,,,,3,1,5,20,18,388,97,27,79,8,10,2,,12,1,,1,,,,,,
DD-099600151,EDP SPARY,,C099600151,,,40,0,1,5,,,,,3,1,5,20,18,388,97,23,82,8,8,3,,12,1,,1,,,,,,
DD-099600152,EDP SPARY,,C099600152,,,40,0,1,5,,,,,3,1,5,20,18,388,97,23,82,8,22,3,,12,1,,1,,,,,,
DD-099600164,EDP BODY MILK BTL,,C099600164,,,40,0,1,5,,,,,3,1,5,20,18,22,97,23,82,8,21,3,,12,1,,1,,,,,,
DD-074630093,POWDER EYEBROW PENCIL 093 INT15,,F074630093,,,40,0,1,5,,,,,3,1,5,20,24,328,97,29,83,8,1,3,1,12,1,,1,,,,,,
DD-074630433,POWDER EYEBROW PENCIL 433 INT15,,F074630433,,,40,0,1,5,,,,,3,1,5,20,24,328,97,29,83,8,1,3,1,12,1,,1,,,,,,
DD-074630453,POWDER EYEBROW PENCIL 453 INT15,,F074630453,,,40,0,1,5,,,,,3,1,5,20,24,328,97,29,83,8,1,3,1,12,1,,1,,,,,,
DD-074630593,POWDER EYEBROW PENCIL 593 INT15,,F074630593,,,40,0,1,5,,,,,3,1,5,20,24,328,97,29,83,8,1,3,1,12,1,,1,,,,,,
DD-074630653,POWDER EYEBROW PENCIL 653 INT15,,F074630653,,,40,0,1,5,,,,,3,1,5,20,24,328,97,29,83,8,1,3,1,12,1,,1,,,,,,
DD-074630693,POWDER EYEBROW PENCIL 693 INT15,,F074630693,,,40,0,1,5,,,,,3,1,5,20,24,328,97,29,83,8,1,3,1,12,1,,1,,,,,,
DD-400000164,XMAS MU MULTI USE PALETTE INT18,,C400000164,,,40,0,1,5,,,,,3,1,5,20,24,328,97,30,84,8,1,3,1,12,1,,1,,,,,,
DD-400000165,XMAS MU EYES PALETTE INT 18,,C400000165,,,40,0,1,5,,,,,3,1,5,20,24,328,97,30,84,8,1,3,1,12,1,,1,,,,,,
DD-080305094,CD WATER PROOF EYELINER # 094,,F080305094,,,40,0,1,5,,,,,3,1,5,20,24,328,97,31,85,8,1,3,1,12,1,,1,,,,,,
DD-080305254,CD WATER PROOF EYELINER # 254,,F080305254,,,40,0,1,5,,,,,3,1,5,20,24,328,97,31,85,8,1,3,1,12,1,,1,,,,,,
DD-080305594,CD WATER PROOF EYELINER # 594,,F080305594,,,40,0,1,5,,,,,3,1,5,20,24,328,97,31,85,8,1,3,1,12,1,,1,,,,,,
DD-085305184,PEN E/LINER WPROOF 184 US18,,F085305184,,,40,0,1,5,,,,,3,1,5,20,24,328,97,31,86,8,1,3,1,12,1,,1,,,,,,
DD-085305284,PEN E/LINER WPROOF 284 US18,,F085305284,,,40,0,1,5,,,,,3,1,5,20,24,328,97,31,86,8,1,3,1,12,1,,1,,,,,,
DD-085305774,PEN E/LINER WPROOF 774 US18,,F085305774,,,40,0,1,5,,,,,3,1,5,20,24,328,97,31,86,8,1,3,1,12,1,,1,,,,,,
DD-004400057,E/SHAD 5C L/ED 057 XMAS INT 18,,C004400057,,,40,0,1,5,,,,,3,1,5,20,24,328,97,32,87,8,1,3,1,12,1,,1,,,,,,
DD-004400617,E/SHAD 5C L/ED 617 XMAS INT 18,,C004400617,,,40,0,1,5,,,,,3,1,5,20,24,328,97,32,87,8,1,3,1,12,1,,1,,,,,,
DD-014814718,COUL E/SHAD 5C DESIGNER 718 INT15,,F014814718,,,40,0,1,5,,,,,3,1,5,20,24,328,97,33,88,8,1,3,1,12,1,,1,,,,,,
DD-014841067,COUL E/SHAD 5C 067 INT17,,F014841067,,,40,0,1,5,,,,,3,1,5,20,24,328,97,33,88,8,1,3,1,12,1,,1,,,,,,
DD-014841157,COUL E/SHAD 5C 157 INT17,,F014841157,,,40,0,1,5,,,,,3,1,5,20,24,328,97,33,88,8,1,3,1,12,1,,1,,,,,,
DD-014841277,COUL E/SHAD 5C 277 INT17,,F014841277,,,40,0,1,5,,,,,3,1,5,20,24,328,97,33,88,8,1,3,1,12,1,,1,,,,,,
DD-014841357,COUL E/SHAD 5C 357 INT17,,F014841357,,,40,0,1,5,,,,,3,1,5,20,24,328,97,33,88,8,1,3,1,12,1,,1,,,,,,
DD-014841547,COUL E/SHAD 5C 547 INT17,,F014841547,,,40,0,1,5,,,,,3,1,5,20,24,328,97,33,88,8,1,3,1,12,1,,1,,,,,,
DD-014841567,COUL E/SHAD 5C 567 INT17,,F014841567,,,40,0,1,5,,,,,3,1,5,20,24,328,97,33,88,8,1,3,1,12,1,,1,,,,,,
DD-014841647,COUL E/SHAD 5C 647 INT17,,F014841647,,,40,0,1,5,,,,,3,1,5,20,24,328,97,33,88,8,1,3,1,12,1,,1,,,,,,
DD-014841657,COUL E/SHAD 5C 657 INT17,,F014841657,,,40,0,1,5,,,,,3,1,5,20,24,328,97,33,88,8,1,3,1,12,1,,1,,,,,,
DD-014841767,COUL E/SHAD 5C 767 INT17,,F014841767,,,40,0,1,5,,,,,3,1,5,20,24,328,97,33,88,8,1,3,1,12,1,,1,,,,,,
DD-014841797,COUL E/SHAD 5C 797 INT17,,F014841797,,,40,0,1,5,,,,,3,1,5,20,24,328,97,33,88,8,1,3,1,12,1,,1,,,,,,
DD-014841877,COUL E/SHAD 5C 877 INT17,,F014841877,,,40,0,1,5,,,,,3,1,5,20,24,328,97,33,88,8,1,3,1,12,1,,1,,,,,,
DD-000500002,DSHOW ALL DAY BROW INK 002 INT18,,C000500002,,,40,0,1,5,,,,,3,1,5,20,24,328,97,34,89,8,1,3,1,12,1,,1,,,,,,
DD-000500011,DSHOW ALL DAY BROW INK 011 INT18,,C000500011,,,40,0,1,5,,,,,3,1,5,20,24,328,97,34,89,8,1,3,1,12,1,,1,,,,,,
DD-000500021,DSHOW ALL DAY BROW INK 021 INT18,,C000500021,,,40,0,1,5,,,,,3,1,5,20,24,328,97,34,89,8,1,3,1,12,1,,1,,,,,,
DD-000600090,DSHOW PUMP WP MASC 090 INT18,,C000600090,,,40,0,1,5,,,,,3,1,5,20,24,328,97,34,89,8,1,3,1,12,1,,1,,,,,,
DD-014716026,DSHOW MONO E/SHAD 026 INT16,,F014716026,,,40,0,1,5,,,,,3,1,5,20,24,328,97,34,90,8,1,3,1,12,1,,1,,,,,,
DD-014716296,DSHOW MONO E/SHAD 296 INT16,,F014716296,,,40,0,1,5,,,,,3,1,5,20,24,328,97,34,90,8,1,3,1,12,1,,1,,,,,,
DD-014716616,DSHOW MONO E/SHAD 616 INT16,,F014716616,,,40,0,1,5,,,,,3,1,5,20,24,328,97,34,90,8,1,3,1,12,1,,1,,,,,,
DD-014716623,DSHOW MONO E/SHAD 623 INT16,,F014716623,,,40,0,1,5,,,,,3,1,5,20,24,328,97,34,90,8,1,3,1,12,1,,1,,,,,,
DD-014716658,DSHOW MONO E/SHAD 658 INT16,,F014716658,,,40,0,1,5,,,,,3,1,5,20,24,328,97,34,90,8,1,3,1,12,1,,1,,,,,,
DD-014716756,DSHOW MONO E/SHAD 756 INT16,,F014716756,,,40,0,1,5,,,,,3,1,5,20,24,328,97,34,90,8,1,3,1,12,1,,1,,,,,,
DD-014716848,DSHOW MONO E/SHAD 848 INT16,,F014716848,,,40,0,1,5,,,,,3,1,5,20,24,328,97,34,90,8,1,3,1,12,1,,1,,,,,,
DD-014830001,DSHOW FUSION MONO FAP 001 INT13,,F014830001,,,40,0,1,5,,,,,3,1,5,20,24,328,97,34,158,8,1,3,1,12,1,,1,,,,,,
DD-014830381,DSHOW FUSION MONO FAP 381 INT13,,F014830381,,,40,0,1,5,,,,,3,1,5,20,24,328,97,34,158,8,1,3,1,12,1,,1,,,,,,
DD-014830621,DIORSHOW MONO E/S 621 MIRROR N14,,F014830621,,,40,0,1,5,,,,,3,1,5,20,24,328,97,34,90,8,1,3,1,12,1,,1,,,,,,
DD-069610090,DIORSHOW ICONIC HIGH DEFINITION LA,,F069610090,,,40,0,1,5,,,,,3,1,5,20,24,328,97,34,92,8,1,3,1,12,1,,1,,,,,,
DD-069610268,DIORSHOW ICONIC HIGH DEFINITION LA,,F069610268,,,40,0,1,5,,,,,3,1,5,20,24,328,97,34,92,8,1,3,1,12,1,,1,,,,,,
DD-069610698,DIORSHOW ICONIC HIGH DEFINITION LA,,F069610698,,,40,0,1,5,,,,,3,1,5,20,24,328,97,34,92,8,1,3,1,12,1,,1,,,,,,
DD-069614090,BCKST DSHOW ICONIC EXTREME 090 8ML,,F069614090,,,40,0,1,5,,,,,3,1,5,20,24,328,97,34,93,8,1,3,1,12,1,,1,,,,,,
DD-069625091,DSHOW ICON OVER W/PROOF MASC 091 E,,F069625091,,,40,0,1,5,,,,,3,1,5,20,24,328,97,34,93,8,1,3,1,12,1,,1,,,,,,
DD-069703099,DIORSHOW BLACK OUT MASCARA 099 10M,,F069703099,,,40,0,1,5,,,,,3,1,5,20,24,328,97,34,94,8,1,3,1,12,1,,1,,,,,,
DD-069710090,DOR DSHOW NEW LOOK MAS 090 INT12,,F069710090,,,40,0,1,5,,,,,3,1,5,20,24,328,97,34,96,8,1,3,1,12,1,,1,,,,,,
DD-069715090,CD DIORSHOW WATERPROOF MASCARA # 0,,F069715090,,,40,0,1,5,,,,,3,1,5,20,24,328,97,34,97,8,1,3,1,12,1,,1,,,,,,
DD-069717090,DSHOW ICONIC OVERCURL 090 INT13,,F069717090,,,40,0,1,5,,,,,3,1,5,20,24,328,97,34,95,8,1,3,1,12,1,,1,,,,,,
DD-069717694,DSHOW ICONIC OVERCURL 694 INT13,,F069717694,,,40,0,1,5,,,,,3,1,5,20,24,328,97,34,95,8,1,3,1,12,1,,1,,,,,,
DD-069725099,DIORSHOW BLACK OUT WATERPROOF 10ML,,F069725099,,,40,0,1,5,,,,,3,1,5,20,24,328,97,34,94,8,1,3,1,12,1,,1,,,,,,
DD-069740090,DSHOW MASC 090 INT15,,F069740090,,,40,0,1,5,,,,,3,1,5,20,24,328,97,34,98,8,1,3,1,12,1,,1,,,,,,
DD-069740258,DSHOW MASC 258 INT15,,F069740258,,,40,0,1,5,,,,,3,1,5,20,24,328,97,34,98,8,1,3,1,12,1,,1,,,,,,
DD-069740698,DSHOW MASC 698 INT15,,F069740698,,,40,0,1,5,,,,,3,1,5,20,24,328,97,34,98,8,1,3,1,12,1,,1,,,,,,
DD-069760090,DSHOW MASC PUMP'N VOLUME 090 INT17,,F069760090,,,40,0,1,5,,,,,3,1,5,20,24,328,97,34,98,8,1,3,1,12,1,,1,,,,,,
DD-069797001,DSHOW MAXIMIZER INT16,,F069797001,,,40,0,1,5,,,,,3,1,5,20,24,328,97,34,98,8,1,3,1,12,1,,1,,,,,,
DD-072613001,DIORSHOW BROW STYLER PENCIL 0.1GM,,F072613001,,,40,0,1,5,,,,,3,1,5,20,24,328,97,34,99,8,1,3,1,12,1,,1,,,,,,
DD-072613002,DSHOW BROW STYLER 002 AS/US 15,,F072613002,,,40,0,1,5,,,,,3,1,5,20,24,328,97,34,99,8,1,3,1,12,1,,1,,,,,,
DD-072613003,DSHOW BROW STYLER 003 INT17,,F072613003,,,40,0,1,5,,,,,3,1,5,20,24,328,97,34,99,8,1,3,1,12,1,,1,,,,,,
DD-072613004,DSHOW BROW STYLER 004 INT17,,F072613004,,,40,0,1,5,,,,,3,1,5,20,24,328,97,34,99,8,1,3,1,12,1,,1,,,,,,
DD-072613011,DSHOW BROW STYLER 011 INT16,,F072613011,,,40,0,1,5,,,,,3,1,5,20,24,328,97,34,99,8,1,3,1,12,1,,1,,,,,,
DD-072613021,DSHOW BROW STYLER 021 INT17,,F072613021,,,40,0,1,5,,,,,3,1,5,20,24,328,97,34,99,8,1,3,1,12,1,,1,,,,,,
DD-073930009,DSHOW KHOL CRAY 009 INT17,,F073930009,,,40,0,1,5,,,,,3,1,5,20,24,328,97,34,100,8,1,3,1,12,1,,1,,,,,,
DD-073930099,DSHOW KHOL CRAY 099 INT17,,F073930099,,,40,0,1,5,,,,,3,1,5,20,24,328,97,34,100,8,1,3,1,12,1,,1,,,,,,
DD-073930529,DSHOW KHOL CRAY 529 INT17,,F073930529,,,40,0,1,5,,,,,3,1,5,20,24,328,97,34,100,8,1,3,1,12,1,,1,,,,,,
DD-077535042,DSHOW PRO LINER WP 042 INT15,,F077535042,,,40,0,1,5,,,,,3,1,5,20,24,328,97,34,101,8,1,3,1,12,1,,1,,,,,,
DD-077535062,DSHOW PRO LINER 062 FALL INT16,,F077535062,,,40,0,1,5,,,,,3,1,5,20,24,328,97,34,101,8,1,3,1,12,1,,1,,,,,,
DD-077535082,DSHOW PRO LINER WP 082 INT16,,F077535082,,,40,0,1,5,,,,,3,1,5,20,24,328,97,34,101,8,1,3,1,12,1,,1,,,,,,
DD-077535092,DSHOW PRO LINER WP 092 INT15,,F077535092,,,40,0,1,5,,,,,3,1,5,20,24,328,97,34,101,8,1,3,1,12,1,,1,,,,,,
DD-077535182,DSHOW PRO LINER WP 182 INT15,,F077535182,,,40,0,1,5,,,,,3,1,5,20,24,328,97,34,101,8,1,3,1,12,1,,1,,,,,,
DD-077535272,DSHOW PRO LINER WP 272 INT15,,F077535272,,,40,0,1,5,,,,,3,1,5,20,24,328,97,34,101,8,1,3,1,12,1,,1,,,,,,
DD-077535282,DSHOW PRO LINER WP 282 INT16,,F077535282,,,40,0,1,5,,,,,3,1,5,20,24,328,97,34,101,8,1,3,1,12,1,,1,,,,,,
DD-077535472,DSHOW PRO LINER WP 472 INT15,,F077535472,,,40,0,1,5,,,,,3,1,5,20,24,328,97,34,101,8,1,3,1,12,1,,1,,,,,,
DD-077535772,DSHOW PRO LINER WP 772 INT16,,F077535772,,,40,0,1,5,,,,,3,1,5,20,24,328,97,34,101,8,1,3,1,12,1,,1,,,,,,
DD-077725001,DSHOW LINER STAR 001 INT18,,F077725001,,,40,0,1,5,,,,,3,1,5,20,24,328,97,34,102,8,1,3,1,12,1,,1,,,,,,
DD-077725091,DSHOW LINER STAR 091 INT18,,F077725091,,,40,0,1,5,,,,,3,1,5,20,24,328,97,34,102,8,1,3,1,12,1,,1,,,,,,
DD-077725096,DSHOW LINER STAR 096 INT18,,F077725096,,,40,0,1,5,,,,,3,1,5,20,24,328,97,34,102,8,1,3,1,12,1,,1,,,,,,
DD-077725176,DSHOW LINER STAR 176 INT18,,F077725176,,,40,0,1,5,,,,,3,1,5,20,24,328,97,34,102,8,1,3,1,12,1,,1,,,,,,
DD-077725351,DSHOW LINER STAR 351 INT18,,F077725351,,,40,0,1,5,,,,,3,1,5,20,24,328,97,34,102,8,1,3,1,12,1,,1,,,,,,
DD-077725461,DSHOW LINER STAR 461 INT18,,F077725461,,,40,0,1,5,,,,,3,1,5,20,24,328,97,34,102,8,1,3,1,12,1,,1,,,,,,
DD-077725466,DSHOW LINER STAR 466 INT18,,F077725466,,,40,0,1,5,,,,,3,1,5,20,24,328,97,34,102,8,1,3,1,12,1,,1,,,,,,
DD-077725781,DSHOW LINER STAR 781 INT18,,F077725781,,,40,0,1,5,,,,,3,1,5,20,24,328,97,34,102,8,1,3,1,12,1,,1,,,,,,
DD-077725851,DSHOW LINER STAR 851 INT18,,F077725851,,,40,0,1,5,,,,,3,1,5,20,24,328,97,34,102,8,1,3,1,12,1,,1,,,,,,
DD-077725876,DSHOW LINER STAR 876 INT18,,F077725876,,,40,0,1,5,,,,,3,1,5,20,24,328,97,34,102,8,1,3,1,12,1,,1,,,,,,
DD-092963002,DSHOW BROW MASC 002 INT17,,F092963002,,,40,0,1,5,,,,,3,1,5,20,24,328,97,34,98,8,1,3,1,12,1,,1,,,,,,
DD-092963011,DSHOW BROW MASC 011 INT17,,F092963011,,,40,0,1,5,,,,,3,1,5,20,24,328,97,34,98,8,1,3,1,12,1,,1,,,,,,
DD-092963021,DSHOW BROW MASC 021 INT17,,F092963021,,,40,0,1,5,,,,,3,1,5,20,24,328,97,34,98,8,1,3,1,12,1,,1,,,,,,
DD-400000193,XMAS MU MASC DSHOW IO OFFER INT18,,C400000193,,,40,0,1,5,,,,,3,1,5,20,24,328,97,34,98,8,1,3,1,12,1,,1,,,,,,
DD-400000194,XMAS MU MASC PUMP OFFER INT18,,C400000194,,,40,0,1,5,,,,,3,1,5,20,24,328,97,34,98,8,1,3,1,12,1,,1,,,,,,
DD-002896251,ADD LIP TATTOO 251 INT18,,F002896251,,,40,0,1,5,,,,,3,1,5,20,24,331,97,35,103,8,1,3,1,12,1,,1,,,,,,
DD-002896351,ADD LIP TATTOO 351 INT17,,F002896351,,,40,0,1,5,,,,,3,1,5,20,24,331,97,35,103,8,1,3,1,12,1,,1,,,,,,
DD-002896421,ADD LIP TATTOO 421 INT17,,F002896421,,,40,0,1,5,,,,,3,1,5,20,24,331,97,35,103,8,1,3,1,12,1,,1,,,,,,
DD-002896451,ADD LIP TATTOO 451 INT17,,F002896451,,,40,0,1,5,,,,,3,1,5,20,24,331,97,35,103,8,1,3,1,12,1,,1,,,,,,
DD-002896661,ADD LIP TATTOO 661 INT18,,F002896661,,,40,0,1,5,,,,,3,1,5,20,24,331,97,35,103,8,1,3,1,12,1,,1,,,,,,
DD-002896761,ADD LIP TATTOO 761 INT17,,F002896761,,,40,0,1,5,,,,,3,1,5,20,24,331,97,35,103,8,1,3,1,12,1,,1,,,,,,
DD-000200426,ADD NEW FLUID 426 INT18,,C000200426,,,40,0,1,5,,,,,3,1,5,20,24,331,97,48,104,8,1,3,1,12,1,,1,,,,,,
DD-000200456,ADD NEW FLUID 456 INT18,,C000200456,,,40,0,1,5,,,,,3,1,5,20,24,331,97,48,104,8,1,3,1,12,1,,1,,,,,,
DD-000200516,ADD NEW FLUID 516 INT18,,C000200516,,,40,0,1,5,,,,,3,1,5,20,24,331,97,48,104,8,1,3,1,12,1,,1,,,,,,
DD-000200538,ADD NEW FLUID 538 INT18,,C000200538,,,40,0,1,5,,,,,3,1,5,20,24,331,97,48,104,8,1,3,1,12,1,,1,,,,,,
DD-000200556,ADD NEW FLUID 556 INT18,,C000200556,,,40,0,1,5,,,,,3,1,5,20,24,331,97,48,104,8,1,3,1,12,1,,1,,,,,,
DD-000200676,ADD NEW FLUID 676 INT18,,C000200676,,,40,0,1,5,,,,,3,1,5,20,24,331,97,48,104,8,1,3,1,12,1,,1,,,,,,
DD-000200677,ADD NEW FLUID 677 INT18,,C000200677,,,40,0,1,5,,,,,3,1,5,20,24,331,97,48,104,8,1,3,1,12,1,,1,,,,,,
DD-000200758,ADD NEW FLUID 758 INT18,,C000200758,,,40,0,1,5,,,,,3,1,5,20,24,331,97,48,104,8,1,3,1,12,1,,1,,,,,,
DD-000200777,ADD NEW FLUID 777 INT18,,C000200777,,,40,0,1,5,,,,,3,1,5,20,24,331,97,48,104,8,1,3,1,12,1,,1,,,,,,
DD-000200926,ADD NEW FLUID 926 INT18,,C000200926,,,40,0,1,5,,,,,3,1,5,20,24,331,97,48,104,8,1,3,1,12,1,,1,,,,,,
DD-002701001,DIOR ADDICT BAUME LIP GLOW 4GM,,F002701001,,,40,0,1,5,,,,,3,1,5,20,24,331,97,48,105,8,1,3,1,12,1,,1,,,,,,
DD-002703004,DIOR ADDICT LIP GLOWW N:04,,F002703004,,,40,0,1,5,,,,,3,1,5,20,24,331,97,48,105,8,1,3,1,12,1,,1,,,,,,
DD-002703006,ADD LIP GLOW 006 SPR INT17,,F002703006,,,40,0,1,5,,,,,3,1,5,20,24,331,97,48,105,8,1,3,1,12,1,,1,,,,,,
DD-002867001,LIP MAXIMIZER 001 INT 07 6ML,,F002867001,,,40,0,1,5,,,,,3,1,5,20,24,331,97,48,105,8,1,3,1,12,1,,1,,,,,,
DD-002875266,ADD LIPSTICK 266 INT15,,F002875266,,,40,0,1,5,,,,,3,1,5,20,24,331,97,48,106,8,1,3,1,12,1,,1,,,,,,
DD-002875451,ADD LIPSTICK 451 INT15,,F002875451,,,40,0,1,5,,,,,3,1,5,20,24,331,97,48,106,8,1,3,1,12,1,,1,,,,,,
DD-002875476,ADD LIPSTICK 476 INT15,,F002875476,,,40,0,1,5,,,,,3,1,5,20,24,331,97,48,106,8,1,3,1,12,1,,1,,,,,,
DD-002875535,ADD LIPSTICK 535 INT15,,F002875535,,,40,0,1,5,,,,,3,1,5,20,24,331,97,48,106,8,1,3,1,12,1,,1,,,,,,
DD-002875553,ADD LIPSTICK 553 INT15,,F002875553,,,40,0,1,5,,,,,3,1,5,20,24,331,97,48,106,8,1,3,1,12,1,,1,,,,,,
DD-002875561,ADD LIPSTICK 561 INT15,,F002875561,,,40,0,1,5,,,,,3,1,5,20,24,331,97,48,106,8,1,3,1,12,1,,1,,,,,,
DD-002875578,ADD LIPSTICK 578 INT15,,F002875578,,,40,0,1,5,,,,,3,1,5,20,24,331,97,48,106,8,1,3,1,12,1,,1,,,,,,
DD-002875622,ADD LIPSTICK 622 INT15,,F002875622,,,40,0,1,5,,,,,3,1,5,20,24,331,97,48,106,8,1,3,1,12,1,,1,,,,,,
DD-002875643,ADD LIPSTICK 643 INT15,,F002875643,,,40,0,1,5,,,,,3,1,5,20,24,331,97,48,106,8,1,3,1,12,1,,1,,,,,,
DD-002875655,ADD LIPSTICK 655 INT15,,F002875655,,,40,0,1,5,,,,,3,1,5,20,24,331,97,48,106,8,1,3,1,12,1,,1,,,,,,
DD-002875722,ADD LIPSTICK 722 INT15,,F002875722,,,40,0,1,5,,,,,3,1,5,20,24,331,97,48,106,8,1,3,1,12,1,,1,,,,,,
DD-002875780,ADD LIPSTICK 780 INT15,,F002875780,,,40,0,1,5,,,,,3,1,5,20,24,331,97,48,106,8,1,3,1,12,1,,1,,,,,,
DD-002875976,ADD LIPSTICK 976 INT15,,F002875976,,,40,0,1,5,,,,,3,1,5,20,24,331,97,48,106,8,1,3,1,12,1,,1,,,,,,
DD-002875987,ADD LIPSTICK 987 INT15,,F002875987,,,40,0,1,5,,,,,3,1,5,20,24,331,97,48,106,8,1,3,1,12,1,,1,,,,,,
DD-002880420,ADD GEL LACQUER 420 INT17,,F002880420,,,40,0,1,5,,,,,3,1,5,20,24,331,97,48,107,8,1,3,1,12,1,,1,,,,,,
DD-002880457,ADD GEL LACQUER 457 INT17,,F002880457,,,40,0,1,5,,,,,3,1,5,20,24,331,97,48,107,8,1,3,1,12,1,,1,,,,,,
DD-002880550,ADD GEL LACQUER 550 INT17,,F002880550,,,40,0,1,5,,,,,3,1,5,20,24,331,97,48,107,8,1,3,1,12,1,,1,,,,,,
DD-002880570,ADD GEL LACQUER 570 INT17,,F002880570,,,40,0,1,5,,,,,3,1,5,20,24,331,97,48,107,8,1,3,1,12,1,,1,,,,,,
DD-002880577,ADD GEL LACQUER 577 INT17,,F002880577,,,40,0,1,5,,,,,3,1,5,20,24,331,97,48,107,8,1,3,1,12,1,,1,,,,,,
DD-002880620,ADD GEL LACQUER 620 INT17,,F002880620,,,40,0,1,5,,,,,3,1,5,20,24,331,97,48,107,8,1,3,1,12,1,,1,,,,,,
DD-002880677,ADD GEL LACQUER 677 INT17,,F002880677,,,40,0,1,5,,,,,3,1,5,20,24,331,97,48,107,8,1,3,1,12,1,,1,,,,,,
DD-002880684,ADD GEL LACQUER 684 INT17,,F002880684,,,40,0,1,5,,,,,3,1,5,20,24,331,97,48,107,8,1,3,1,12,1,,1,,,,,,
DD-002880744,ADD GEL LACQUER 744 INT17,,F002880744,,,40,0,1,5,,,,,3,1,5,20,24,331,97,48,107,8,1,3,1,12,1,,1,,,,,,
DD-002880747,ADD GEL LACQUER 747 INT18,,F002880747,,,40,0,1,5,,,,,3,1,5,20,24,331,97,48,107,8,1,3,1,12,1,,1,,,,,,
DD-002880794,ADD GEL LACQUER 794 INT17,,F002880794,,,40,0,1,5,,,,,3,1,5,20,24,331,97,48,107,8,1,3,1,12,1,,1,,,,,,
DD-002880857,ADD GEL LACQUER 857 INT17,,F002880857,,,40,0,1,5,,,,,3,1,5,20,24,331,97,48,107,8,1,3,1,12,1,,1,,,,,,
DD-002880877,ADD GEL LACQUER 877 INT17,,F002880877,,,40,0,1,5,,,,,3,1,5,20,24,331,97,48,107,8,1,3,1,12,1,,1,,,,,,
DD-002880924,ADD GEL LACQUER 924 INT17,,F002880924,,,40,0,1,5,,,,,3,1,5,20,24,331,97,48,107,8,1,3,1,12,1,,1,,,,,,
DD-002880984,ADD GEL LACQUER 984 INT17,,F002880984,,,40,0,1,5,,,,,3,1,5,20,24,331,97,48,107,8,1,3,1,12,1,,1,,,,,,
DD-002888001,ADD LIP SCRUB 001 SPR INT17,,F002888001,,,40,0,1,5,,,,,3,1,5,20,24,331,97,48,107,8,1,3,1,12,1,,1,,,,,,
DD-028530363,ADD GLOSS 363 INT16,,F028530363,,,40,0,1,5,,,,,3,1,5,20,24,331,97,48,108,8,1,3,1,12,1,,1,,,,,,
DD-028530553,ADD GLOSS 553 INT16,,F028530553,,,40,0,1,5,,,,,3,1,5,20,24,331,97,48,108,8,1,3,1,12,1,,1,,,,,,
DD-028530629,ADD GLOSS 629 INT16,,F028530629,,,40,0,1,5,,,,,3,1,5,20,24,331,97,48,108,8,1,3,1,12,1,,1,,,,,,
DD-028530659,ADD GLOSS 659 INT16,,F028530659,,,40,0,1,5,,,,,3,1,5,20,24,331,97,48,108,8,1,3,1,12,1,,1,,,,,,
DD-028530686,ADD GLOSS 686 INT16,,F028530686,,,40,0,1,5,,,,,3,1,5,20,24,331,97,48,108,8,1,3,1,12,1,,1,,,,,,
DD-028530785,ADD GLOSS 785 INT16,,F028530785,,,40,0,1,5,,,,,3,1,5,20,24,331,97,48,108,8,1,3,1,12,1,,1,,,,,,
DD-069810092,ADD MASCARA 092 INT14,,F069810092,,,40,0,1,5,,,,,3,1,5,20,24,328,97,49,109,8,1,3,1,12,1,,1,,,,,,
DD-002703007,ADD LIP GLOW 007 INT18,,F002703007,,,40,0,1,5,,,,,3,1,5,20,24,331,97,48,105,8,1,3,1,12,1,,1,,,,,,
DD-002703009,ADD LIP GLOW 009 INT18,,F002703009,,,40,0,1,5,,,,,3,1,5,20,24,331,97,48,105,8,1,3,1,12,1,,1,,,,,,
DD-002703010,ADD LIP GLOW 010 INT18,,F002703010,,,40,0,1,5,,,,,3,1,5,20,24,331,97,48,105,8,1,3,1,12,1,,1,,,,,,
DD-002714101,ADD LIP GLOW MAT 101 INT18,,F002714101,,,40,0,1,5,,,,,3,1,5,20,24,331,97,48,105,8,1,3,1,12,1,,1,,,,,,
DD-002714102,ADD LIP GLOW MAT 102 INT18,,F002714102,,,40,0,1,5,,,,,3,1,5,20,24,331,97,48,105,8,1,3,1,12,1,,1,,,,,,
DD-000298220,VERNIS 220 XMAS INT18,,F000298220,,,40,0,1,5,,,,,3,1,5,20,24,331,97,36,110,8,1,3,1,12,1,,1,,,,,,
DD-000298360,VERNIS 360 XMAS INT18,,F000298360,,,40,0,1,5,,,,,3,1,5,20,24,331,97,36,110,8,1,3,1,12,1,,1,,,,,,
DD-000298760,VERNIS 760 XMAS INT18,,F000298760,,,40,0,1,5,,,,,3,1,5,20,24,331,97,36,110,8,1,3,1,12,1,,1,,,,,,
DD-000298890,VERNIS 890 XMAS INT18,,F000298890,,,40,0,1,5,,,,,3,1,5,20,24,331,97,36,110,8,1,3,1,12,1,,1,,,,,,
DD-002760001,CD DIORIFIC LIPSTICK #001 VIOLET T,,F002760001,,,40,0,1,5,,,,,3,1,5,20,24,331,97,36,111,8,1,3,1,12,1,,1,,,,,,
DD-002760008,CD DIORIFIC LIPSTICK #008 MYSTIC M,,F002760008,,,40,0,1,5,,,,,3,1,5,20,24,331,97,36,111,8,1,3,1,12,1,,1,,,,,,
DD-002760014,CD DIORIFIC LIPSTICK #014 DILCE VI,,F002760014,,,40,0,1,5,,,,,3,1,5,20,24,331,97,36,111,8,1,3,1,12,1,,1,,,,,,
DD-002760021,CD DIORIFIC LIPSTICK #021 CANCAN O,,F002760021,,,40,0,1,5,,,,,3,1,5,20,24,331,97,36,111,8,1,3,1,12,1,,1,,,,,,
DD-002760023,CD DIORIFIC LIPSTICK #023 ROSE DIA,,F002760023,,,40,0,1,5,,,,,3,1,5,20,24,331,97,36,111,8,1,3,1,12,1,,1,,,,,,
DD-002760025,CD DIORIFIC LIPSTICK #025 MAMBO PI,,F002760025,,,40,0,1,5,,,,,3,1,5,20,24,331,97,36,111,8,1,3,1,12,1,,1,,,,,,
DD-002763360,MAT LIPS 360 XMAS INT18,,F002763360,,,40,0,1,5,,,,,3,1,5,20,24,331,97,36,112,8,1,3,1,12,1,,1,,,,,,
DD-002763540,DRIFIC EASY MAT LIPS 540 XMAS INT1,,F002763540,,,40,0,1,5,,,,,3,1,5,20,24,331,97,36,112,8,1,3,1,12,1,,1,,,,,,
DD-002763550,MAT LIPS 550 XMAS INT18,,F002763550,,,40,0,1,5,,,,,3,1,5,20,24,331,97,36,112,8,1,3,1,12,1,,1,,,,,,
DD-002763560,DRIFIC MAT LIPS 560 XMAS INT16,,F002763560,,,40,0,1,5,,,,,3,1,5,20,24,331,97,36,112,8,1,3,1,12,1,,1,,,,,,
DD-002763590,DRIFIC EASY MAT LIPS 590 XMAS INT1,,F002763590,,,40,0,1,5,,,,,3,1,5,20,24,331,97,36,112,8,1,3,1,12,1,,1,,,,,,
DD-002763620,MAT LIPS 620 XMAS INT18,,F002763620,,,40,0,1,5,,,,,3,1,5,20,24,331,97,36,112,8,1,3,1,12,1,,1,,,,,,
DD-002763750,DRIFIC EASY MAT LIPS 750 XMAS INT1,,F002763750,,,40,0,1,5,,,,,3,1,5,20,24,331,97,36,112,8,1,3,1,12,1,,1,,,,,,
DD-002763760,MAT LIPS 760 XMAS INT18,,F002763760,,,40,0,1,5,,,,,3,1,5,20,24,331,97,36,112,8,1,3,1,12,1,,1,,,,,,
DD-002763770,DRIFIC EASY MAT LIPS 770 XMAS INT1,,F002763770,,,40,0,1,5,,,,,3,1,5,20,24,331,97,36,112,8,1,3,1,12,1,,1,,,,,,
DD-002763780,MAT LIPS 780 XMAS INT 18,,F002763780,,,40,0,1,5,,,,,3,1,5,20,24,331,97,36,112,8,1,3,1,12,1,,1,,,,,,
DD-002763880,DRIFIC MAT LIPS 880 XMAS INT16,,F002763880,,,40,0,1,5,,,,,3,1,5,20,24,331,97,36,112,8,1,3,1,12,1,,1,,,,,,
DD-002763890,MAT LIPS 890 XMAS INT 18,,F002763890,,,40,0,1,5,,,,,3,1,5,20,24,331,97,36,112,8,1,3,1,12,1,,1,,,,,,
DD-007975001,TOP COAT 001 XMAS KOR/ME 18,,007975001,,,40,0,1,5,,,,,3,1,5,20,24,331,97,36,112,8,1,3,1,12,1,,1,,,,,,
DD-003900434,RGE DIOR INK LIP LINER-434,,C003900434,,,40,0,1,5,,,,,3,1,5,20,24,331,97,37,113,8,1,3,1,12,1,,1,,,,,,
DD-003900777,RGE DIOR INK LIP LINER-777,,C003900777,,,40,0,1,5,,,,,3,1,5,20,24,331,97,37,113,8,1,3,1,12,1,,1,,,,,,
DD-003900789,RGE DIOR INK LIP LINER-789,,C003900789,,,40,0,1,5,,,,,3,1,5,20,24,331,97,37,113,8,1,3,1,12,1,,1,,,,,,
DD-003900851,RGE DIOR INK LIP LINER-851,,C003900851,,,40,0,1,5,,,,,3,1,5,20,24,331,97,37,113,8,1,3,1,12,1,,1,,,,,,
DD-077135169,RGE DIOR CONTOUR PEN 169 INT13,,F077135169,,,40,0,1,5,,,,,3,1,5,20,24,331,97,37,114,8,1,3,1,12,1,,1,,,,,,
DD-077135463,RGE DIOR CONTOUR PEN 463 INT13,,F077135463,,,40,0,1,5,,,,,3,1,5,20,24,331,97,37,114,8,1,3,1,12,1,,1,,,,,,
DD-077135532,RGE DIOR CONTOUR PEN 532 INT13,,F077135532,,,40,0,1,5,,,,,3,1,5,20,24,331,97,37,114,8,1,3,1,12,1,,1,,,,,,
DD-077135573,RGE DIOR CONTOUR PEN 573 INT13,,F077135573,,,40,0,1,5,,,,,3,1,5,20,24,331,97,37,114,8,1,3,1,12,1,,1,,,,,,
DD-077135775,RGE DIOR CONTOUR PEN 775 INT13,,F077135775,,,40,0,1,5,,,,,3,1,5,20,24,331,97,37,114,8,1,3,1,12,1,,1,,,,,,
DD-077135943,RGE DIOR CONTOUR PEN 943 INT13,,F077135943,,,40,0,1,5,,,,,3,1,5,20,24,331,97,37,114,8,1,3,1,12,1,,1,,,,,,
DD-077135999,RGE DIOR CONTOUR PEN 999 INT13,,F077135999,,,40,0,1,5,,,,,3,1,5,20,24,331,97,37,114,8,1,3,1,12,1,,1,,,,,,
DD-000350200,BCKST AIRFLASH 200 INT18,,C000350200,,,40,0,1,5,,,,,3,1,5,20,24,329,97,38,115,8,16,3,1,12,1,,1,,,,,,
DD-000350300,BCKST AIRFLASH 300 INT18,,C000350300,,,40,0,1,5,,,,,3,1,5,20,24,329,97,38,115,8,16,3,1,12,1,,1,,,,,,
DD-000350301,BCKST AIRFLASH 301 INT18,,C000350301,,,40,0,1,5,,,,,3,1,5,20,24,329,97,38,115,8,16,3,1,12,1,,1,,,,,,
DD-000350302,BCKST AIRFLASH 302 INT18,,C000350302,,,40,0,1,5,,,,,3,1,5,20,24,329,97,38,115,8,16,3,1,12,1,,1,,,,,,
DD-000350400,BCKST AIRFLASH 400 INT18,,C000350400,,,40,0,1,5,,,,,3,1,5,20,24,329,97,38,115,8,16,3,1,12,1,,1,,,,,,
DD-000400001,DSK AIRFLASH MIST 001 INT18,,C000400001,,,40,0,1,5,,,,,3,1,5,20,24,329,97,38,115,8,16,3,1,12,1,,1,,,,,,
DD-002800010,FDT FL FACE/BODY IN INT18,,C002800010,,,40,0,1,5,,,,,3,1,5,20,24,329,97,38,116,8,8,3,1,12,1,,1,,,,,,
DD-002800011,FDT FL FACE/BODY 1W INT18,,C002800011,,,40,0,1,5,,,,,3,1,5,20,24,329,97,38,116,8,8,3,1,12,1,,1,,,,,,
DD-002800012,FDT FL FACE/BODY 1CR INT18,,C002800012,,,40,0,1,5,,,,,3,1,5,20,24,329,97,38,116,8,8,3,1,12,1,,1,,,,,,
DD-002800014,FDT FL FACE/BODY 1C INT 18,,C002800014,,,40,0,1,5,,,,,3,1,5,20,24,329,97,38,116,8,8,3,1,12,1,,1,,,,,,
DD-002800025,FDT FL FACE/BODY 2.5N INT 18,,C002800025,,,40,0,1,5,,,,,3,1,5,20,24,329,97,38,116,8,8,3,1,12,1,,1,,,,,,
DD-002800030,FDT FL FACE/BODY 3N INT 18,,C002800030,,,40,0,1,5,,,,,3,1,5,20,24,329,97,38,116,8,8,3,1,12,1,,1,,,,,,
DD-002800032,FDT FL FACE/BODY 3CR INT18,,C002800032,,,40,0,1,5,,,,,3,1,5,20,24,329,97,38,116,8,8,3,1,12,1,,1,,,,,,
DD-002800033,FDT FL FACE/BODY 3WP INT 18,,002800033,,,40,0,1,5,,,,,3,1,5,20,24,329,97,38,116,8,8,3,1,12,1,,1,,,,,,
DD-002800043,FDT FL FACE/BODY 4WP INT18,,C002800043,,,40,0,1,5,,,,,3,1,5,20,24,329,97,38,116,8,8,3,1,12,1,,1,,,,,,
DD-002800045,FDT FL FACE/BODY 4.5N INT 18,,C002800045,,,40,0,1,5,,,,,3,1,5,20,24,329,97,38,116,8,8,3,1,12,1,,1,,,,,,
DD-002800050,FDT FL FACE/BODY 5N INT 18,,C002800050,,,40,0,1,5,,,,,3,1,5,20,24,329,97,38,116,8,8,3,1,12,1,,1,,,,,,
DD-002800051,FDT FL FACE/BODY 5W INT18,,C002800051,,,40,0,1,5,,,,,3,1,5,20,24,329,97,38,116,8,8,3,1,12,1,,1,,,,,,
DD-002800053,FDT FL FACE/BODY 5WP INT 18,,C002800053,,,40,0,1,5,,,,,3,1,5,20,24,329,97,38,116,8,8,3,1,12,1,,1,,,,,,
DD-002800060,FDT FL FACE/BODY 6N INT18,,C002800060,,,40,0,1,5,,,,,3,1,5,20,24,329,97,38,116,8,8,3,1,12,1,,1,,,,,,
DD-002800063,FDT FL FACE/BODY 6WP INT18,,C002800063,,,40,0,1,5,,,,,3,1,5,20,24,329,97,38,116,8,8,3,1,12,1,,1,,,,,,
DD-002800065,FDT FL FACE/BODY 6.5N INT18,,C002800065,,,40,0,1,5,,,,,3,1,5,20,24,329,97,38,116,8,8,3,1,12,1,,1,,,,,,
DD-002800075,FDT FL FACE/BODY 7.5N INT18,,C002800075,,,40,0,1,5,,,,,3,1,5,20,24,329,97,38,116,8,8,3,1,12,1,,1,,,,,,
DD-002800080,FDT FL FACE/BODY 8N INT18,,C002800080,,,40,0,1,5,,,,,3,1,5,20,24,329,97,38,116,8,8,3,1,12,1,,1,,,,,,
DD-002800090,FDT FL FACE/BODY 9N INT18,,C002800090,,,40,0,1,5,,,,,3,1,5,20,24,329,97,38,116,8,8,3,1,12,1,,1,,,,,,
DD-002800100,FDT FL FACE/BODY ON INT18,,C002800100,,,40,0,1,5,,,,,3,1,5,20,24,329,97,38,116,8,8,3,1,12,1,,1,,,,,,
DD-002800451,FDT FL FACE/BODY 4.5W INT 18,,C002800451,,,40,0,1,5,,,,,3,1,5,20,24,329,97,38,116,8,8,3,1,12,1,,1,,,,,,
DD-002800751,FDT FL FACE/BODY 7.5W INT18,,C002800751,,,40,0,1,5,,,,,3,1,5,20,24,329,97,38,116,8,8,3,1,12,1,,1,,,,,,
DD-014600002,BACKSTAGE EYE PRIME N:02,,F014600002,,,40,0,1,5,,,,,3,1,5,20,24,329,97,38,116,8,1,3,1,12,1,,1,,,,,,
DD-088075002,BCKST PROS FLASH LUMINIZER 002 INT,,F088075002,,,40,0,1,5,,,,,3,1,5,20,24,329,97,38,117,8,1,3,1,12,1,,1,,,,,,
DD-088075003,BCKST PROS FLASH LUMINIZER 003 INT,,F088075003,,,40,0,1,5,,,,,3,1,5,20,24,329,97,38,117,8,1,3,1,12,1,,1,,,,,,
DD-088075005,BCKST PROS FLASH LUMINIZER 005 INT,,F088075005,,,40,0,1,5,,,,,3,1,5,20,24,329,97,38,117,8,1,3,1,12,1,,1,,,,,,
DD-088075025,BCKST PROS FLASH LUMINIZER 025 INT,,F088075025,,,40,0,1,5,,,,,3,1,5,20,24,329,97,38,117,8,1,3,1,12,1,,1,,,,,,
DD-088075500,BCKST PROS FLASH LUMINIZER 500 INT,,F088075500,,,40,0,1,5,,,,,3,1,5,20,24,329,97,38,117,8,1,3,1,12,1,,1,,,,,,
DD-088075800,BCKST PROS FLASH LUMINIZER 800 INT,,F088075800,,,40,0,1,5,,,,,3,1,5,20,24,329,97,38,117,8,1,3,1,12,1,,1,,,,,,
DD-092957003,BCKST PROS FIX IT CONCEAL 003 INT1,,F092957003,,,40,0,1,5,,,,,3,1,5,20,24,329,97,38,108,8,1,3,1,12,1,,1,,,,,,
DD-092957004,BCKST PROS FIX IT CONCEAL 004 INT1,,F092957004,,,40,0,1,5,,,,,3,1,5,20,24,329,97,38,108,8,1,3,1,12,1,,1,,,,,,
DD-092957005,BCKST PROS FIX IT CONCEAL 005 INT1,,F092957005,,,40,0,1,5,,,,,3,1,5,20,24,329,97,38,108,8,1,3,1,12,1,,1,,,,,,
DD-092960100,BCKST PROS FIX IT COLOUR 100 INT16,,F092960100,,,40,0,1,5,,,,,3,1,5,20,24,329,97,38,119,8,1,3,1,12,1,,1,,,,,,
DD-092960200,BCKST PROS FIX IT COLOUR 200 INT16,,F092960200,,,40,0,1,5,,,,,3,1,5,20,24,329,97,38,119,8,1,3,1,12,1,,1,,,,,,
DD-092960300,BCKST PROS FIX IT COLOUR 300 INT16,,F092960300,,,40,0,1,5,,,,,3,1,5,20,24,329,97,38,119,8,1,3,1,12,1,,1,,,,,,
DD-092960400,BCKST PROS FIX IT COLOUR 400 INT16,,F092960400,,,40,0,1,5,,,,,3,1,5,20,24,329,97,38,119,8,1,3,1,12,1,,1,,,,,,
DD-099600014,BRUSH LIGHT COVERAGE FL11 INT 18,,C099600014,,,40,0,1,5,,,,,3,1,5,20,24,329,97,38,120,8,1,3,1,12,1,,1,,,,,,
DD-099600022,LARGE SMUDGING BRUSH 23 INT 18,,C099600022,,,40,0,1,5,,,,,3,1,5,20,24,329,97,38,120,8,1,3,1,12,1,,1,,,,,,
DD-099600024,EYELINER BRUSH 24 INT18,,C099600024,,,40,0,1,5,,,,,3,1,5,20,24,329,97,38,120,8,1,3,1,12,1,,1,,,,,,
DD-099600029,BRUCH FULL COVERAGE FL12 INT 18,,C099600029,,,40,0,1,5,,,,,3,1,5,20,24,329,97,38,120,8,1,3,1,12,1,,1,,,,,,
DD-099600092,DSK BCKST AIRFLASH BRUSH INT18,,C099600092,,,40,0,1,5,,,,,3,1,5,20,24,329,97,38,120,8,1,3,1,12,1,,1,,,,,,
DD-003773001,C/TOT LOOSE POWDER 001 A/J18,,C003773001,,,40,0,1,5,,,,,3,1,5,20,24,329,97,39,121,8,1,3,1,12,1,,1,,,,,,
DD-070695010,CAPTURE TOTALE SERUM FOUND N:010,,F070695010,,,40,0,1,5,,,,,3,1,5,20,24,329,97,39,121,8,1,3,1,12,1,,1,,,,,,
DD-070695020,CAPTURE TOTALE SERUM FOUND N:020,,F070695020,,,40,0,1,5,,,,,3,1,5,20,24,329,97,39,121,8,1,3,1,12,1,,1,,,,,,
DD-070695021,C/TOT FDT FL 021 30ML INT14,,F070695021,,,40,0,1,5,,,,,3,1,5,20,24,329,97,39,121,8,1,3,1,12,1,,1,,,,,,
DD-070695022,CAPTURE TOTALE SERUM FOUND N:022,,F070695022,,,40,0,1,5,,,,,3,1,5,20,24,329,97,39,121,8,1,3,1,12,1,,1,,,,,,
DD-070695023,CAPTURE TOTALE SERUM FOUND N:023,,F070695023,,,40,0,1,5,,,,,3,1,5,20,24,329,97,39,121,8,1,3,1,12,1,,1,,,,,,
DD-070695030,CAPTURE TOTALE SERUM FOUND N:030,,F070695030,,,40,0,1,5,,,,,3,1,5,20,24,329,97,39,121,8,1,3,1,12,1,,1,,,,,,
DD-070695040,C/TOT FDT FL 040 30ML INT14,,F070695040,,,40,0,1,5,,,,,3,1,5,20,24,329,97,39,121,8,1,3,1,12,1,,1,,,,,,
DD-070720010,CAPTURE TOTALE COMPACT POWDER N:01,,F070720010,,,40,0,1,5,,,,,3,1,5,20,24,329,97,39,121,8,1,3,1,12,1,,1,,,,,,
DD-070720020,CAPTURE TOTALE COMPACT POWDER N:20,,F070720020,,,40,0,1,5,,,,,3,1,5,20,24,329,97,39,121,8,1,3,1,12,1,,1,,,,,,
DD-070720021,C/TOT FDT CPT 021 A/J14,,F070720021,,,40,0,1,5,,,,,3,1,5,20,24,329,97,39,121,8,1,3,1,12,1,,1,,,,,,
DD-070720023,CAPTURE TOTALE COMPACT POWDER N:23,,F070720023,,,40,0,1,5,,,,,3,1,5,20,24,329,97,39,121,8,1,3,1,12,1,,1,,,,,,
DD-070720030,CAPTURE TOTALE COMPACT POWDER N:30,,F070720030,,,40,0,1,5,,,,,3,1,5,20,24,329,97,39,121,8,1,3,1,12,1,,1,,,,,,
DD-000900010,DSK FORV UNDERCOVER FDT 010 INT18,,C000900010,,,40,0,1,5,,,,,3,1,5,20,24,329,97,40,122,8,1,3,1,12,1,,1,,,,,,
DD-000900015,DSK FORV UNDERCOVER FDT 015 INT18,,C000900015,,,40,0,1,5,,,,,3,1,5,20,24,329,97,40,122,8,1,3,1,12,1,,1,,,,,,
DD-000900020,DSK FORV UNDERCOVER FDT 020 INT18,,C000900020,,,40,0,1,5,,,,,3,1,5,20,24,329,97,40,122,8,1,3,1,12,1,,1,,,,,,
DD-000900021,DSK FORV UNDERCOVER FDT 021 INT18,,C000900021,,,40,0,1,5,,,,,3,1,5,20,24,329,97,40,122,8,1,3,1,12,1,,1,,,,,,
DD-000900022,DSK FORV UNDERCOVER FDT 022 INT18,,C000900022,,,40,0,1,5,,,,,3,1,5,20,24,329,97,40,122,8,1,3,1,12,1,,1,,,,,,
DD-000900023,DSK FORV UNDERCOVER FDT 023 INT18,,C000900023,,,40,0,1,5,,,,,3,1,5,20,24,329,97,40,122,8,1,3,1,12,1,,1,,,,,,
DD-000900025,DSK FORV UNDERCOVER FDT 025 INT18,,C000900025,,,40,0,1,5,,,,,3,1,5,20,24,329,97,40,122,8,1,3,1,12,1,,1,,,,,,
DD-000900030,DSK FORV UNDERCOVER FDT 030 INT18,,C000900030,,,40,0,1,5,,,,,3,1,5,20,24,329,97,40,122,8,1,3,1,12,1,,1,,,,,,
DD-000900031,DSK FORV UNDERCOVER FDT 031 INT18,,C000900031,,,40,0,1,5,,,,,3,1,5,20,24,329,97,40,122,8,1,3,1,12,1,,1,,,,,,
DD-000900032,DSK FORV UNDERCOVER FDT 032 INT18,,C000900032,,,40,0,1,5,,,,,3,1,5,20,24,329,97,40,122,8,1,3,1,12,1,,1,,,,,,
DD-000900033,DSK FORV UNDERCOVER FDT 033 INT18,,C000900033,,,40,0,1,5,,,,,3,1,5,20,24,329,97,40,122,8,1,3,1,12,1,,1,,,,,,
DD-000900035,DSK FORV UNDERCOVER FDT 035 INT18,,C000900035,,,40,0,1,5,,,,,3,1,5,20,24,329,97,40,122,8,1,3,1,12,1,,1,,,,,,
DD-000900040,DSK FORV UNDERCOVER FDT 040 INT18,,C000900040,,,40,0,1,5,,,,,3,1,5,20,24,329,97,40,122,8,1,3,1,12,1,,1,,,,,,
DD-000900045,DSK FORV UNDERCOVER FDT 045 INT18,,C000900045,,,40,0,1,5,,,,,3,1,5,20,24,329,97,40,122,8,1,3,1,12,1,,1,,,,,,
DD-000900050,DSK FORV UNDERCOVER FDT 050 INT18,,C000900050,,,40,0,1,5,,,,,3,1,5,20,24,329,97,40,122,8,1,3,1,12,1,,1,,,,,,
DD-002000002,DSK MINERAL NUDE BRONZE PDR 002 IN,,C002000002,,,40,0,1,5,,,,,3,1,5,20,24,329,97,40,123,8,1,3,1,12,1,,1,,,,,,
DD-002000003,DSK MINERAL NUDE BRONZE PDR 003 IN,,C002000003,,,40,0,1,5,,,,,3,1,5,20,24,329,97,40,123,8,1,3,1,12,1,,1,,,,,,
DD-002000004,DSK MINERAL NUDE BRONZE PDE 004 IN,,C002000004,,,40,0,1,5,,,,,3,1,5,20,24,329,97,40,123,8,1,3,1,12,1,,1,,,,,,
DD-002000006,DSK MINERAL NUDE BRONZE PDR 006 IN,,C002000006,,,40,0,1,5,,,,,3,1,5,20,24,329,97,40,123,8,1,3,1,12,1,,1,,,,,,
DD-002200001,DSK MINERAL NUDE LUMIN PDR 001 INT,,C002200001,,,40,0,1,5,,,,,3,1,5,20,24,329,97,40,123,8,1,3,1,12,1,,1,,,,,,
DD-002200002,DSK MINERAL NUDE LUMIN PDR 002 INT,,C002200002,,,40,0,1,5,,,,,3,1,5,20,24,329,97,40,123,8,1,3,1,12,1,,1,,,,,,
DD-002200003,DSK MINERAL NUDE LUMIN PDR 003 INT,,C002200003,,,40,0,1,5,,,,,3,1,5,20,24,329,97,40,123,8,1,3,1,12,1,,1,,,,,,
DD-033240020,DSK NUDE AIR PDR CPT 020 INT15,,F033240020,,,40,0,1,5,,,,,3,1,5,20,24,329,97,40,124,8,1,3,1,12,1,,1,,,,,,
DD-033240030,DSK NUDE AIR PDR CPT 030 INT15,,F033240030,,,40,0,1,5,,,,,3,1,5,20,24,329,97,40,124,8,1,3,1,12,1,,1,,,,,,
DD-033240040,DSK NUDE AIR PDR CPT 040 INT15,,F033240040,,,40,0,1,5,,,,,3,1,5,20,24,329,97,40,124,8,1,3,1,12,1,,1,,,,,,
DD-033250010,DSK FORV FDT CPT 010 INT17,,F033250010,,,40,0,1,5,,,,,3,1,5,20,24,329,97,40,125,8,1,3,1,12,1,,1,,,,,,
DD-033250020,DSK FORV FDT CPT 020 INT17,,F033250020,,,40,0,1,5,,,,,3,1,5,20,24,329,97,40,125,8,1,3,1,12,1,,1,,,,,,
DD-033250022,DSK FORV FDT CPT 022 INT17,,F033250022,,,40,0,1,5,,,,,3,1,5,20,24,329,97,40,125,8,1,3,1,12,1,,1,,,,,,
DD-033250025,DSK FORV FDT CPT 025 INT17,,F033250025,,,40,0,1,5,,,,,3,1,5,20,24,329,97,40,125,8,1,3,1,12,1,,1,,,,,,
DD-033250030,DSK FORV FDT CPT 030 INT17,,F033250030,,,40,0,1,5,,,,,3,1,5,20,24,329,97,40,125,8,1,3,1,12,1,,1,,,,,,
DD-033250032,DSK FORV FDT CPT 032 INT17,,F033250032,,,40,0,1,5,,,,,3,1,5,20,24,329,97,40,125,8,1,3,1,12,1,,1,,,,,,
DD-033250035,DSK FORV FDT CPT 035 INT17,,F033250035,,,40,0,1,5,,,,,3,1,5,20,24,329,97,40,125,8,1,3,1,12,1,,1,,,,,,
DD-033250040,DSK FORV FDT CPT 040 INT17,,F033250040,,,40,0,1,5,,,,,3,1,5,20,24,329,97,40,125,8,1,3,1,12,1,,1,,,,,,
DD-033260010,DSK FORV MOUSSE FDT 010 INT17,,F033260010,,,40,0,1,5,,,,,3,1,5,20,24,329,97,40,126,8,1,3,1,12,1,,1,,,,,,
DD-033260020,DSK FORV MOUSSE FDT 020 INT17,,F033260020,,,40,0,1,5,,,,,3,1,5,20,24,329,97,40,126,8,1,3,1,12,1,,1,,,,,,
DD-033260022,DSK FORV MOUSSE FDT 022 INT17,,F033260022,,,40,0,1,5,,,,,3,1,5,20,24,329,97,40,126,8,1,3,1,12,1,,1,,,,,,
DD-033260030,DSK FORV MOUSSE FDT 030 INT17,,F033260030,,,40,0,1,5,,,,,3,1,5,20,24,329,97,40,126,8,1,3,1,12,1,,1,,,,,,
DD-033260033,DSK FORV MOUSSE FDT 033 INT17,,F033260033,,,40,0,1,5,,,,,3,1,5,20,24,329,97,40,126,8,1,3,1,12,1,,1,,,,,,
DD-033260040,DSK FORV MOUSSE FDT 040 INT17,,F033260040,,,40,0,1,5,,,,,3,1,5,20,24,329,97,40,126,8,1,3,1,12,1,,1,,,,,,
DD-033920010,DSK FORV CONCEAL 010 INT17,,F033920010,,,40,0,1,5,,,,,3,1,5,20,24,329,97,40,127,8,1,3,1,12,1,,1,,,,,,
DD-033920020,DSK FORV CONCEAL 020 INT17,,F033920020,,,40,0,1,5,,,,,3,1,5,20,24,329,97,40,127,8,1,3,1,12,1,,1,,,,,,
DD-033920022,DSK FORV CONCEAL 022 INT17,,F033920022,,,40,0,1,5,,,,,3,1,5,20,24,329,97,40,127,8,1,3,1,12,1,,1,,,,,,
DD-033920030,DSK FORV CONCEAL 030 INT17,,F033920030,,,40,0,1,5,,,,,3,1,5,20,24,329,97,40,127,8,1,3,1,12,1,,1,,,,,,
DD-033920040,DSK FORV CONCEAL 040 INT17,,F033920040,,,40,0,1,5,,,,,3,1,5,20,24,329,97,40,127,8,1,3,1,12,1,,1,,,,,,
DD-071510001,DOR DSK ROSY GLOW 001 INT12,,F071510001,,,40,0,1,5,,,,,3,1,5,20,24,329,97,40,128,8,1,3,1,12,1,,1,,,,,,
DD-072035010,DSK NUDE AIR LOOSE PDR 010 INT15,,F072035010,,,40,0,1,5,,,,,3,1,5,20,24,329,97,40,124,8,1,3,1,12,1,,1,,,,,,
DD-072035012,DSK NUDE AIR LOOSE PDR 012 INT15,,F072035012,,,40,0,1,5,,,,,3,1,5,20,24,329,97,40,124,8,1,3,1,12,1,,1,,,,,,
DD-072035020,DSK NUDE AIR LOOSE PDR 020 INT15,,F072035020,,,40,0,1,5,,,,,3,1,5,20,24,329,97,40,124,8,1,3,1,12,1,,1,,,,,,
DD-072035030,DSK NUDE AIR LOOSE PDR 030 INT15,,F072035030,,,40,0,1,5,,,,,3,1,5,20,24,329,97,40,124,8,1,3,1,12,1,,1,,,,,,
DD-072035040,DSK NUDE AIR LOOSE PDR 040 INT15,,F072035040,,,40,0,1,5,,,,,3,1,5,20,24,329,97,40,124,8,1,3,1,12,1,,1,,,,,,
DD-077885010,DSK STAR FDT FLUIDE 010 30ML INT14,,F077885010,,,40,0,1,5,,,,,3,1,5,20,24,329,97,40,129,8,7,3,1,12,1,,1,,,,,,
DD-077885020,DSK STAR FDT FLUIDE 020 30ML INT14,,F077885020,,,40,0,1,5,,,,,3,1,5,20,24,329,97,40,129,8,7,3,1,12,1,,1,,,,,,
DD-077885021,DSK STAR FDT FLUIDE 021 30ML INT14,,F077885021,,,40,0,1,5,,,,,3,1,5,20,24,329,97,40,129,8,7,3,1,12,1,,1,,,,,,
DD-077885022,DSK STAR FDT FLUIDE 022 30ML INT14,,F077885022,,,40,0,1,5,,,,,3,1,5,20,24,329,97,40,129,8,7,3,1,12,1,,1,,,,,,
DD-077885023,DSK STAR FDT FLUIDE 023 30ML INT14,,F077885023,,,40,0,1,5,,,,,3,1,5,20,24,329,97,40,129,8,7,3,1,12,1,,1,,,,,,
DD-077885030,DSK STAR FDT FLUIDE 030 30ML INT14,,F077885030,,,40,0,1,5,,,,,3,1,5,20,24,329,97,40,129,8,1,3,1,12,1,,1,,,,,,
DD-077885032,DSK STAR FDT FLUIDE 032 30ML INT14,,F077885032,,,40,0,1,5,,,,,3,1,5,20,24,329,97,40,129,8,7,3,1,12,1,,1,,,,,,
DD-077885033,DSK STAR FDT FLUIDE 033 30ML INT14,,F077885033,,,40,0,1,5,,,,,3,1,5,20,24,329,97,40,129,8,1,3,1,12,1,,1,,,,,,
DD-077890010,DSK NUDE FDT FL 010 30ML INT12,,F077890010,,,40,0,1,5,,,,,3,1,5,20,24,329,97,40,130,8,7,3,1,12,1,,1,,,,,,
DD-077890020,DSK NUDE FDT FL 020 30ML INT12,,F077890020,,,40,0,1,5,,,,,3,1,5,20,24,329,97,40,130,8,7,3,1,12,1,,1,,,,,,
DD-077890022,DSK NUDE FDT FL 022 30ML INT12,,F077890022,,,40,0,1,5,,,,,3,1,5,20,24,329,97,40,130,8,7,3,1,12,1,,1,,,,,,
DD-077890030,DSK NUDE FDT FL 030 30ML INT12,,F077890030,,,40,0,1,5,,,,,3,1,5,20,24,329,97,40,130,8,7,3,1,12,1,,1,,,,,,
DD-077890031,DSK NUDE FDT FL 031 30ML INT12,,F077890031,,,40,0,1,5,,,,,3,1,5,20,24,329,97,40,130,8,7,3,1,12,1,,1,,,,,,
DD-077890032,DSK NUDE FDT FL 032 30ML INT12,,F077890032,,,40,0,1,5,,,,,3,1,5,20,24,329,97,40,130,8,7,3,1,12,1,,1,,,,,,
DD-007950020,DSK FORV CUSHION 020 INT17,,F007950020,,,40,0,1,5,,,,,3,1,5,20,24,329,97,40,131,8,1,3,1,12,1,,1,,,,,,
DD-072070001,DSK FORV PDR LOOSE 001 INT16,,F072070001,,,40,0,1,5,,,,,3,1,5,20,24,329,97,40,132,8,1,3,1,12,1,,1,,,,,,
DD-077080010,DSK FORV FDT FL 010 30ML INT16,,F077080010,,,40,0,1,5,,,,,3,1,5,20,24,329,97,40,159,8,1,3,1,12,1,,1,,,,,,
DD-077080015,DSK FORV FDT FL 015 INT17,,F077080015,,,40,0,1,5,,,,,3,1,5,20,24,329,97,40,159,8,1,3,1,12,1,,1,,,,,,
DD-077080020,DSK FORV FDT FL 020 30ML INT16,,F077080020,,,40,0,1,5,,,,,3,1,5,20,24,329,97,40,159,8,1,3,1,12,1,,1,,,,,,
DD-077080021,DSK FORV FDT FL 021 30ML INT16,,F077080021,,,40,0,1,5,,,,,3,1,5,20,24,329,97,40,159,8,7,3,1,12,1,,1,,,,,,
DD-077080022,DSK FORV FDT FL 022 30ML INT16,,F077080022,,,40,0,1,5,,,,,3,1,5,20,24,329,97,40,159,8,7,3,1,12,1,,1,,,,,,
DD-077080025,DSK FORV FDT FL 025 INT17,,F077080025,,,40,0,1,5,,,,,3,1,5,20,24,329,97,40,159,8,1,3,1,12,1,,1,,,,,,
DD-077080030,DSK FORV FDT FL 030 30ML INT16,,F077080030,,,40,0,1,5,,,,,3,1,5,20,24,329,97,40,159,8,1,3,1,12,1,,1,,,,,,
DD-077080031,DSK FORV FDT FL 031 30ML INT16,,F077080031,,,40,0,1,5,,,,,3,1,5,20,24,329,97,40,159,8,7,3,1,12,1,,1,,,,,,
DD-077080032,DSK FORV FDT FL 032 30ML INT16,,F077080032,,,40,0,1,5,,,,,3,1,5,20,24,329,97,40,159,8,7,3,1,12,1,,1,,,,,,
DD-077080035,DSK FORV FDT FL 035 INT17,,F077080035,,,40,0,1,5,,,,,3,1,5,20,24,329,97,40,159,8,1,3,1,12,1,,1,,,,,,
DD-077080050,DSK FORV FDT FL 050 30ML INT16,,F077080050,,,40,0,1,5,,,,,3,1,5,20,24,329,97,40,159,8,1,3,1,12,1,,1,,,,,,
DD-077970001,DSK FORV PRIMER BASE 001 INT16,,F077970001,,,40,0,1,5,,,,,3,1,5,20,24,329,97,40,133,8,1,3,1,12,1,,1,,,,,,
DD-077893010,DSK NUDE AIR FDT SER 010 30ML INT1,,F077893010,,,40,0,1,5,,,,,3,1,5,20,24,329,97,40,160,8,7,3,1,12,1,,1,,,,,,
DD-077893020,DSK NUDE AIR FDT SER 020 30ML INT1,,F077893020,,,40,0,1,5,,,,,3,1,5,20,24,329,97,40,160,8,7,3,1,12,1,,1,,,,,,
DD-077893023,DSK NUDE AIR FDT SER 023 30ML INT1,,F077893023,,,40,0,1,5,,,,,3,1,5,20,24,329,97,40,160,8,7,3,1,12,1,,1,,,,,,
DD-077893030,DSK NUDE AIR FDT SER 030 30ML INT1,,F077893030,,,40,0,1,5,,,,,3,1,5,20,24,329,97,40,160,8,7,3,1,12,1,,1,,,,,,
DD-077893033,DSK NUDE AIR FDT SER 033 30ML INT1,,F077893033,,,40,0,1,5,,,,,3,1,5,20,24,329,97,40,160,8,7,3,1,12,1,,1,,,,,,
DD-077893050,DSK NUDE AIR FDT SER 050 30ML INT1,,F077893050,,,40,0,1,5,,,,,3,1,5,20,24,329,97,40,160,8,7,3,1,12,1,,1,,,,,,
DD-000000028,DSK ROUGE BLUSH 028 INT18,,C000000028,,,40,0,1,5,,,,,3,1,5,20,24,329,97,40,135,8,1,3,1,12,1,,1,,,,,,
DD-000000047,DSK ROUGE BLUSH 047 INT18,,C000000047,,,40,0,1,5,,,,,3,1,5,20,24,329,97,40,135,8,1,3,1,12,1,,1,,,,,,
DD-000000060,DSK ROUGE BLUSH 060 INT18,,C000000060,,,40,0,1,5,,,,,3,1,5,20,24,329,97,40,135,8,1,3,1,12,1,,1,,,,,,
DD-000000169,DSK ROUGE BLUSH 169 INT18,,C000000169,,,40,0,1,5,,,,,3,1,5,20,24,329,97,40,135,8,1,3,1,12,1,,1,,,,,,
DD-000000250,DSK ROUGE BLUSH 250 INT18,,C000000250,,,40,0,1,5,,,,,3,1,5,20,24,329,97,40,135,8,1,3,1,12,1,,1,,,,,,
DD-000000277,DSK ROUGE BLUSH 277 INT18,,C000000277,,,40,0,1,5,,,,,3,1,5,20,24,329,97,40,135,8,1,3,1,12,1,,1,,,,,,
DD-000000330,DSK ROUGE BLUSH 330 INT18,,C000000330,,,40,0,1,5,,,,,3,1,5,20,24,329,97,40,135,8,1,3,1,12,1,,1,,,,,,
DD-000000459,DSK ROUGE BLUSH 459 INT18,,C000000459,,,40,0,1,5,,,,,3,1,5,20,24,329,97,40,135,8,1,3,1,12,1,,1,,,,,,
DD-000000465,DSK ROUGE BLUSH 465 INT18,,C000000465,,,40,0,1,5,,,,,3,1,5,20,24,329,97,40,135,8,1,3,1,12,1,,1,,,,,,
DD-000000475,DSK ROUGE BLUSH 475 INT18,,C000000475,,,40,0,1,5,,,,,3,1,5,20,24,329,97,40,135,8,1,3,1,12,1,,1,,,,,,
DD-000000601,DSK ROUGE BLUSH 601 INT18,,C000000601,,,40,0,1,5,,,,,3,1,5,20,24,329,97,40,135,8,1,3,1,12,1,,1,,,,,,
DD-000000614,DSK ROUGE BLUSH 614 INT18,,C000000614,,,40,0,1,5,,,,,3,1,5,20,24,329,97,40,135,8,1,3,1,12,1,,1,,,,,,
DD-000000678,DSK ROUGE BLUSH 678 INT18,,C000000678,,,40,0,1,5,,,,,3,1,5,20,24,329,97,40,135,8,1,3,1,12,1,,1,,,,,,
DD-000000962,DSK ROUGE BLUSH 962 INT18,,C000000962,,,40,0,1,5,,,,,3,1,5,20,24,329,97,40,135,8,1,3,1,12,1,,1,,,,,,
DD-000000999,DSK ROUGE BLUSH 999 INT18,,C000000999,,,40,0,1,5,,,,,3,1,5,20,24,329,97,40,135,8,1,3,1,12,1,,1,,,,,,
DD-000355108,RGE DIOR VERNIS 108 INT14,,F000355108,,,40,0,1,5,,,,,3,1,5,20,24,329,97,37,136,8,1,3,1,12,1,,1,,,,,,
DD-000355155,RGE DIOR VERNIS 155 INT14,,F000355155,,,40,0,1,5,,,,,3,1,5,20,24,329,97,37,136,8,1,3,1,12,1,,1,,,,,,
DD-000355268,RGE DIOR VERNIS 268 INT14,,F000355268,,,40,0,1,5,,,,,3,1,5,20,24,329,97,37,136,8,1,3,1,12,1,,1,,,,,,
DD-000355306,RGE DIOR VERNIS 306 INT14,,F000355306,,,40,0,1,5,,,,,3,1,5,20,24,329,97,37,136,8,1,3,1,12,1,,1,,,,,,
DD-000355338,RGE DIOR VERNIS 338 INT14,,F000355338,,,40,0,1,5,,,,,3,1,5,20,24,329,97,37,136,8,1,3,1,12,1,,1,,,,,,
DD-000355403,RGE DIOR VERNIS 403 INT14,,F000355403,,,40,0,1,5,,,,,3,1,5,20,24,329,97,37,136,8,1,3,1,12,1,,1,,,,,,
DD-000355413,RGE DIOR VERNIS 413 INT14,,F000355413,,,40,0,1,5,,,,,3,1,5,20,24,329,97,37,136,8,1,3,1,12,1,,1,,,,,,
DD-000355494,RGE DIOR VERNIS 494 INT14,,F000355494,,,40,0,1,5,,,,,3,1,5,20,24,329,97,37,136,8,1,3,1,12,1,,1,,,,,,
DD-000355551,RGE DIOR VERNIS 551 INT14,,F000355551,,,40,0,1,5,,,,,3,1,5,20,24,329,97,37,136,8,1,3,1,12,1,,1,,,,,,
DD-000355659,RGE DIOR VERNIS 659 INT14,,F000355659,,,40,0,1,5,,,,,3,1,5,20,24,329,97,37,136,8,1,3,1,12,1,,1,,,,,,
DD-000355754,RGE DIOR VERNIS 754 INT14,,F000355754,,,40,0,1,5,,,,,3,1,5,20,24,329,97,37,136,8,1,3,1,12,1,,1,,,,,,
DD-000355769,RGE DIOR VERNIS 769 INT14,,F000355769,,,40,0,1,5,,,,,3,1,5,20,24,329,97,37,136,8,1,3,1,12,1,,1,,,,,,
DD-000355800,RGE DIOR VERNIS 800 SPR INT17,,F000355800,,,40,0,1,5,,,,,3,1,5,20,24,329,97,37,136,8,1,3,1,12,1,,1,,,,,,
DD-000355853,RGE DIOR VERNIS 853 INT14,,F000355853,,,40,0,1,5,,,,,3,1,5,20,24,329,97,37,136,8,1,3,1,12,1,,1,,,,,,
DD-000355970,RGE DIOR VERNIS 970 INT14,,F000355970,,,40,0,1,5,,,,,3,1,5,20,24,329,97,37,136,8,1,3,1,12,1,,1,,,,,,
DD-000355999,RGE DIOR VERNIS 999 INT14,,F000355999,,,40,0,1,5,,,,,3,1,5,20,24,329,97,37,136,8,1,3,1,12,1,,1,,,,,,
DD-002719999,RGE DIOR 999 FALL INT17,,F002719999,,,40,0,1,5,,,,,3,1,5,20,24,329,97,37,137,8,1,3,1,12,1,,1,,,,,,
DD-002726162,RGE DIOR LIQUID 162 INT17,,F002726162,,,40,0,1,5,,,,,3,1,5,20,24,329,97,37,138,8,1,3,1,12,1,,1,,,,,,
DD-002726221,RGE DIOR LIQUID 221 INT17,,F002726221,,,40,0,1,5,,,,,3,1,5,20,24,329,97,37,138,8,1,3,1,12,1,,1,,,,,,
DD-002726265,RGE DIOR LIQUID 265 INT17,,F002726265,,,40,0,1,5,,,,,3,1,5,20,24,329,97,37,138,8,1,3,1,12,1,,1,,,,,,
DD-002726272,RGE DIOR LIQUID 272 INT17,,F002726272,,,40,0,1,5,,,,,3,1,5,20,24,329,97,37,138,8,1,3,1,12,1,,1,,,,,,
DD-002726334,RGE DIOR LIQUID 334 INT17,,F002726334,,,40,0,1,5,,,,,3,1,5,20,24,329,97,37,138,8,1,3,1,12,1,,1,,,,,,
DD-002726362,RGE DIOR LIQUID 362 INT17,,F002726362,,,40,0,1,5,,,,,3,1,5,20,24,329,97,37,138,8,1,3,1,12,1,,1,,,,,,
DD-002726375,RGE DIOR LIQUID 375 INT17,,F002726375,,,40,0,1,5,,,,,3,1,5,20,24,329,97,37,138,8,1,3,1,12,1,,1,,,,,,
DD-002726424,RGE DIOR LIQUID 424 INT17,,F002726424,,,40,0,1,5,,,,,3,1,5,20,24,329,97,37,138,8,1,3,1,12,1,,1,,,,,,
DD-002726515,RGE DIOR LIQUID 515 INT17,,F002726515,,,40,0,1,5,,,,,3,1,5,20,24,329,97,37,138,8,1,3,1,12,1,,1,,,,,,
DD-002726565,RGE DIOR LIQUID 565 INT17,,F002726565,,,40,0,1,5,,,,,3,1,5,20,24,329,97,37,138,8,1,3,1,12,1,,1,,,,,,
DD-002726574,RGE DIOR LIQUID 574 INT17,,F002726574,,,40,0,1,5,,,,,3,1,5,20,24,329,97,37,138,8,1,3,1,12,1,,1,,,,,,
DD-002726601,RGE DIOR LIQUID 601 INT17,,F002726601,,,40,0,1,5,,,,,3,1,5,20,24,329,97,37,138,8,1,3,1,12,1,,1,,,,,,
DD-002726614,RGE DIOR LIQUID 614 INT17,,F002726614,,,40,0,1,5,,,,,3,1,5,20,24,329,97,37,138,8,1,3,1,12,1,,1,,,,,,
DD-002726625,RGE DIOR LIQUID 625 INT17,,F002726625,,,40,0,1,5,,,,,3,1,5,20,24,329,97,37,138,8,1,3,1,12,1,,1,,,,,,
DD-002726658,RGE DIOR LIQUID 658 INT17,,F002726658,,,40,0,1,5,,,,,3,1,5,20,24,329,97,37,138,8,1,3,1,12,1,,1,,,,,,
DD-002726751,RGE DIOR LIQUID 751 INT17,,F002726751,,,40,0,1,5,,,,,3,1,5,20,24,329,97,37,138,8,1,3,1,12,1,,1,,,,,,
DD-002726784,RGE DIOR LIQUID 784 FALL INT18,,F002726784,,,40,0,1,5,,,,,3,1,5,20,24,329,97,37,138,8,1,3,1,12,1,,1,,,,,,
DD-002726797,RGE DIOR LIQUID 797 INT17,,F002726797,,,40,0,1,5,,,,,3,1,5,20,24,329,97,37,138,8,1,3,1,12,1,,1,,,,,,
DD-002726828,RGE DIOR LIQUID 828 INT17,,F002726828,,,40,0,1,5,,,,,3,1,5,20,24,329,97,37,138,8,1,3,1,12,1,,1,,,,,,
DD-002726862,RGE DIOR LIQUID 862 INT17,,F002726862,,,40,0,1,5,,,,,3,1,5,20,24,329,97,37,138,8,1,3,1,12,1,,1,,,,,,
DD-002726895,RGE DIOR LIQUID 895 INT17,,F002726895,,,40,0,1,5,,,,,3,1,5,20,24,329,97,37,138,8,1,3,1,12,1,,1,,,,,,
DD-002726901,RGE DIOR LIQUID 901 INT17,,F002726901,,,40,0,1,5,,,,,3,1,5,20,24,329,97,37,138,8,1,3,1,12,1,,1,,,,,,
DD-002726908,RGE DIOR LIQUID 908 INT17,,F002726908,,,40,0,1,5,,,,,3,1,5,20,24,329,97,37,138,8,1,3,1,12,1,,1,,,,,,
DD-002726979,RGE DIOR LIQUID 979 INT17,,F002726979,,,40,0,1,5,,,,,3,1,5,20,24,329,97,37,138,8,1,3,1,12,1,,1,,,,,,
DD-002726999,RGE DIOR LIQUID 999 INT17,,F002726999,,,40,0,1,5,,,,,3,1,5,20,24,329,97,37,138,8,1,3,1,12,1,,1,,,,,,
DD-002760040,ROUGE DIORIFIC 040 XMAS INT12,,F002760040,,,40,0,1,5,,,,,3,1,5,20,24,329,97,37,140,8,1,3,1,12,1,,1,,,,,,
DD-002783047,RGE DIOR 047 INT16,,F002783047,,,40,0,1,5,,,,,3,1,5,20,24,329,97,37,140,8,1,3,1,12,1,,1,,,,,,
DD-002783060,RGE DIOR 060 INT16,,F002783060,,,40,0,1,5,,,,,3,1,5,20,24,329,97,37,140,8,1,3,1,12,1,,1,,,,,,
DD-002783169,RGE DIOR 169 INT16,,F002783169,,,40,0,1,5,,,,,3,1,5,20,24,329,97,37,140,8,1,3,1,12,1,,1,,,,,,
DD-002783219,RGE DIOR 219 INT16,,F002783219,,,40,0,1,5,,,,,3,1,5,20,24,329,97,37,140,8,1,3,1,12,1,,1,,,,,,
DD-002783277,RGE DIOR 277 INT16,,F002783277,,,40,0,1,5,,,,,3,1,5,20,24,329,97,37,140,8,1,3,1,12,1,,1,,,,,,
DD-002783361,RGE DIOR 361 INT16,,F002783361,,,40,0,1,5,,,,,3,1,5,20,24,329,97,37,140,8,1,3,1,12,1,,1,,,,,,
DD-002783414,RGE DIOR 414 INT16,,F002783414,,,40,0,1,5,,,,,3,1,5,20,24,329,97,37,140,8,1,3,1,12,1,,1,,,,,,
DD-002783434,RGE DIOR 434 INT16,,F002783434,,,40,0,1,5,,,,,3,1,5,20,24,329,97,37,140,8,1,3,1,12,1,,1,,,,,,
DD-002783520,RGE DIOR 520 INT16,,F002783520,,,40,0,1,5,,,,,3,1,5,20,24,329,97,37,140,8,1,3,1,12,1,,1,,,,,,
DD-002783663,RGE DIOR 663 INT16,,F002783663,,,40,0,1,5,,,,,3,1,5,20,24,329,97,37,140,8,1,3,1,12,1,,1,,,,,,
DD-002783683,RGE DIOR 683 INT16,,F002783683,,,40,0,1,5,,,,,3,1,5,20,24,329,97,37,140,8,1,3,1,12,1,,1,,,,,,
DD-002783743,RGE DIOR 743 INT16,,F002783743,,,40,0,1,5,,,,,3,1,5,20,24,329,97,37,140,8,1,3,1,12,1,,1,,,,,,
DD-002783762,RGE DIOR 762 INT16,,F002783762,,,40,0,1,5,,,,,3,1,5,20,24,329,97,37,140,8,1,3,1,12,1,,1,,,,,,
DD-002783852,RGE DIOR 852 INT16,,F002783852,,,40,0,1,5,,,,,3,1,5,20,24,329,97,37,140,8,1,3,1,12,1,,1,,,,,,
DD-002783994,RGE DIOR 994 INT16,,F002783994,,,40,0,1,5,,,,,3,1,5,20,24,329,97,37,140,8,1,3,1,12,1,,1,,,,,,
DD-002783999,RGE DIOR 999 INT16,,F002783999,,,40,0,1,5,,,,,3,1,5,20,24,329,97,37,140,8,1,3,1,12,1,,1,,,,,,
DD-002784136,RGE DIOR MAT 136 INT16,,F002784136,,,40,0,1,5,,,,,3,1,5,20,24,329,97,37,141,8,1,3,1,12,1,,1,,,,,,
DD-002784426,RGE DIOR MATTE 426 FALL INT17,,F002784426,,,40,0,1,5,,,,,3,1,5,20,24,329,97,37,141,8,1,3,1,12,1,,1,,,,,,
DD-002784481,RGE DIOR MATTE 481 FALL INT17,,F002784481,,,40,0,1,5,,,,,3,1,5,20,24,329,97,37,141,8,1,3,1,12,1,,1,,,,,,
DD-002784576,RGE DIOR MAT 576 INT16,,F002784576,,,40,0,1,5,,,,,3,1,5,20,24,329,97,37,141,8,1,3,1,12,1,,1,,,,,,
DD-002784771,RGE DIOR MAT 771 INT16,,F002784771,,,40,0,1,5,,,,,3,1,5,20,24,329,97,37,141,8,1,3,1,12,1,,1,,,,,,
DD-002784772,RGE DIOR MAT 772 INT16,,F002784772,,,40,0,1,5,,,,,3,1,5,20,24,329,97,37,141,8,1,3,1,12,1,,1,,,,,,
DD-002784787,RGE DIOR MAT 787 INT16,,F002784787,,,40,0,1,5,,,,,3,1,5,20,24,329,97,37,141,8,1,3,1,12,1,,1,,,,,,
DD-002784789,RGE DIOR MATTE 789 INT16,,F002784789,,,40,0,1,5,,,,,3,1,5,20,24,329,97,37,141,8,1,3,1,12,1,,1,,,,,,
DD-002784861,RGE DIOR MATTE 861 FALL INT17,,F002784861,,,40,0,1,5,,,,,3,1,5,20,24,329,97,37,141,8,1,3,1,12,1,,1,,,,,,
DD-002784888,RGE DIOR MATTE 888 CH17,,F002784888,,,40,0,1,5,,,,,3,1,5,20,24,329,97,37,141,8,1,3,1,12,1,,1,,,,,,
DD-002784897,RGE DIOR MAT 897 INT16,,F002784897,,,40,0,1,5,,,,,3,1,5,20,24,329,97,37,141,8,1,3,1,12,1,,1,,,,,,
DD-002784962,RGE DIOR MATTE 962 INT16,,F002784962,,,40,0,1,5,,,,,3,1,5,20,24,329,97,37,141,8,1,3,1,12,1,,1,,,,,,
DD-002784964,RGE DIOR MAT 964 INT16,,F002784964,,,40,0,1,5,,,,,3,1,5,20,24,329,97,37,141,8,1,3,1,12,1,,1,,,,,,
DD-002784999,RGE DIOR MATTE 999 INT16,,F002784999,,,40,0,1,5,,,,,3,1,5,20,24,329,97,37,141,8,1,3,1,12,1,,1,,,,,,
DD-003800001,ULTRA ROUGE-001,,C003800001,,,40,0,1,5,,,,,3,1,5,20,24,329,97,37,142,8,1,3,1,12,1,,1,,,,,,
DD-003800111,ULTRA ROUGE-111,,C003800111,,,40,0,1,5,,,,,3,1,5,20,24,329,97,37,142,8,1,3,1,12,1,,1,,,,,,
DD-003800325,ULTRA ROUGE-325,,C003800325,,,40,0,1,5,,,,,3,1,5,20,24,329,97,37,142,8,1,3,1,12,1,,1,,,,,,
DD-003800450,ULTRA ROUGE-450,,C003800450,,,40,0,1,5,,,,,3,1,5,20,24,329,97,37,142,8,1,3,1,12,1,,1,,,,,,
DD-003800587,ULTRA ROUGE-587,,C003800587,,,40,0,1,5,,,,,3,1,5,20,24,329,97,37,142,8,1,3,1,12,1,,1,,,,,,
DD-003800600,ULTRA ROUGE-600,,C003800600,,,40,0,1,5,,,,,3,1,5,20,24,329,97,37,142,8,1,3,1,12,1,,1,,,,,,
DD-003800641,ULTRA ROUGE-641,,C003800641,,,40,0,1,5,,,,,3,1,5,20,24,329,97,37,142,8,1,3,1,12,1,,1,,,,,,
DD-003800755,ULTRA ROUGE-755,,C003800755,,,40,0,1,5,,,,,3,1,5,20,24,329,97,37,142,8,1,3,1,12,1,,1,,,,,,
DD-003800763,ULTRA ROUGE-763,,C003800763,,,40,0,1,5,,,,,3,1,5,20,24,329,97,37,142,8,1,3,1,12,1,,1,,,,,,
DD-003800843,ULTRA ROUGE-843,,C003800843,,,40,0,1,5,,,,,3,1,5,20,24,329,97,37,142,8,1,3,1,12,1,,1,,,,,,
DD-003800851,ULTRA ROUGE-851,,C003800851,,,40,0,1,5,,,,,3,1,5,20,24,329,97,37,142,8,1,3,1,12,1,,1,,,,,,
DD-003800870,ULTRA ROUGE-870,,C003800870,,,40,0,1,5,,,,,3,1,5,20,24,329,97,37,142,8,1,3,1,12,1,,1,,,,,,
DD-004700001,DSK DIOR BLUSH L/ED 001 XMAS INT18,,C004700001,,,40,0,1,5,,,,,3,1,5,20,24,329,97,37,143,8,1,3,1,12,1,,1,,,,,,
DD-005000080,RGE DIOR L/ED 080 XMAS INT18,,C005000080,,,40,0,1,5,,,,,3,1,5,20,24,329,97,37,143,8,1,3,1,12,1,,1,,,,,,
DD-005000434,RGE DIOR L/ED 434 XMAS INT18,,C005000434,,,40,0,1,5,,,,,3,1,5,20,24,329,97,37,143,8,1,3,1,12,1,,1,,,,,,
DD-005000999,RGE DIOR L/ED 999 XMAS INT 18,,C005000999,,,40,0,1,5,,,,,3,1,5,20,24,329,97,37,143,8,1,3,1,12,1,,1,,,,,,
DD-005100772,RGE DIOR MATTE L/ED 772 XMAS INT 18,,C005100772,,,40,0,1,5,,,,,3,1,5,20,24,329,97,37,143,8,1,3,1,12,1,,1,,,,,,
DD-071525939,DSK RENO DIORBLUSH 939 INT13,,F071525939,,,40,0,1,5,,,,,3,1,5,20,24,329,97,37,144,8,1,3,1,12,1,,1,,,,,,
DD-077125001,ROUGE DIOR CONTOUR NUDE 001 INT12,,F077125001,,,40,0,1,5,,,,,3,1,5,20,24,329,97,37,145,8,1,3,1,12,1,,1,,,,,,
DD-077135047,RGE DIOR CONTOUR 047 INT16,,F077135047,,,40,0,1,5,,,,,3,1,5,20,24,329,97,37,145,8,1,3,1,12,1,,1,,,,,,
DD-077135060,RGE DIOR CONTOUR 060 INT16,,F077135060,,,40,0,1,5,,,,,3,1,5,20,24,329,97,37,145,8,1,3,1,12,1,,1,,,,,,
DD-077135756,RGE DIOR CONTOUR 756 INT16,,F077135756,,,40,0,1,5,,,,,3,1,5,20,24,329,97,37,145,8,1,3,1,12,1,,1,,,,,,
DD-077135948,RGE DIOR CONT 948 FALL INT17,,F077135948,,,40,0,1,5,,,,,3,1,5,20,24,329,97,37,145,8,1,3,1,12,1,,1,,,,,,
DD-077135994,RGE DIOR CONTOUR 994 INT16,,F077135994,,,40,0,1,5,,,,,3,1,5,20,24,329,97,37,145,8,1,3,1,12,1,,1,,,,,,
DD-099600160,RGE DIOR COFFRET XMAS INT18,,C099600160,,,40,0,1,5,,,,,3,1,5,20,24,333,97,37,146,8,28,3,1,12,1,,1,,,,,,
DD-002707000,COLL NAIL GLOW SPR INT13,,F002707000,,,40,0,1,5,,,,,3,1,5,20,24,332,97,41,147,8,1,3,1,12,1,,1,,,,,,
DD-002810001,CD NAIL CREAM 10 GM,,F002810001,,,40,0,1,5,,,,,3,1,5,20,24,332,97,41,147,8,14,3,1,12,1,,1,,,,,,
DD-002820001,COLL BASE COAT ABRICOT INT13,,F002820001,,,40,0,1,5,,,,,3,1,5,20,24,332,97,41,147,8,1,3,1,12,1,,1,,,,,,
DD-002832000,COLL TOP COAT ABRICOT INT13,,F002832000,,,40,0,1,5,,,,,3,1,5,20,24,332,97,41,147,8,1,3,1,12,1,,1,,,,,,
DD-002840000,COLL TOP COAT GEL INT13,,F002840000,,,40,0,1,5,,,,,3,1,5,20,24,332,97,41,147,8,1,3,1,12,1,,1,,,,,,
DD-002857000,COLL HUILE ABRICOT INT13,,F002857000,,,40,0,1,5,,,,,3,1,5,20,24,332,97,41,147,8,1,3,1,12,1,,1,,,,,,
DD-002953000,COLL DISSOLVANT ABRICOT INT13,,F002953000,,,40,0,1,5,,,,,3,1,5,20,24,332,97,41,147,8,1,3,1,12,1,,1,,,,,,
DD-029044000,C/TOT DRSK MASK TB 75ML INT17,,F029044000,,,40,0,1,5,,,,,3,1,5,20,30,492,97,39,121,8,9,3,1,12,1,,1,,,,,,
DD-029132000,C/TOT DRSK P/BTL 30ML INT17,,F029132000,,,40,0,1,5,,,,,3,1,5,20,30,492,97,39,121,8,7,3,1,12,1,,1,,,,,,
DD-029233000,C/TOT DRSK ADVANCED SLEEVE 50ML IN,,F029233000,,,40,0,1,5,,,,,3,1,5,20,30,492,97,39,121,8,8,3,1,12,1,,1,,,,,,
DD-060350000,C/TOT RICH CR JAR RFBL 60ML INT16,,F060350000,,,40,0,1,5,,,,,3,1,5,20,30,492,97,39,121,8,15,3,1,12,1,,1,,,,,,
DD-060450000,C/TOT UNIV CR JAR RFBL 60ML INT16,,F060450000,,,40,0,1,5,,,,,3,1,5,20,30,492,97,39,121,8,15,3,1,12,1,,1,,,,,,
DD-060450099,C/TOT UNIV CR JAR REFIL 60ML INT16,,F060450099,,,40,0,1,5,,,,,3,1,5,20,30,492,97,39,121,8,15,3,1,12,1,,1,,,,,,
DD-060531000,C/TOT EYE TREATMENT JAR 15ML INT13,,F060531000,,,40,0,1,5,,,,,3,1,5,20,30,492,97,39,121,8,13,3,1,12,1,,1,,,,,,
DD-060750999,C/TOT MP NIGHT CREME REFILL JAR 60,,F060750999,,,40,0,1,5,,,,,3,1,5,20,30,492,97,39,121,8,15,3,1,12,1,,1,,,,,,
DD-060850000,C/TOT LIGHT CR JAR RFBL 60ML INT16,,F060850000,,,40,0,1,5,,,,,3,1,5,20,30,492,97,39,121,8,15,3,1,12,1,,1,,,,,,
DD-061211005,C/TOT CARE EYES SER BTL 15ML INT15,,F061211005,,,40,0,1,5,,,,,3,1,5,20,30,492,97,39,121,8,13,3,1,12,1,,1,,,,,,
DD-061850000,C/TOT MP NIGHT CREME JAR 60ML INT1,,F061850000,,,40,0,1,5,,,,,3,1,5,20,30,492,97,39,121,8,15,3,1,12,1,,1,,,,,,
DD-066733000,C/TOT CARE SER P/BTL 50ML INT15,,F066733000,,,40,0,1,5,,,,,3,1,5,20,30,492,97,39,121,8,8,3,1,12,1,,1,,,,,,
DD-066733099,C/TOT SER REFILL P/BTL 50ML INT15,,F066733099,,,40,0,1,5,,,,,3,1,5,20,30,492,97,39,121,8,8,3,1,12,1,,1,,,,,,
DD-099600010,C.YOUTH CR SLEEVE 50ML INT18,,C099600010,,,40,0,1,5,,,,,3,1,5,20,30,492,97,39,149,8,8,3,1,12,1,,1,,,,,,
DD-099600011,C.YOUTH SER PLUMP SLEEVE 30ML INT1,,C099600011,,,40,0,1,5,,,,,3,1,5,20,30,492,97,39,149,8,7,3,1,12,1,,1,,,,,,
DD-099600012,C.YOUTH SER GLOW SLEEVE 30ML INT18,,C099600012,,,40,0,1,5,,,,,3,1,5,20,30,492,97,39,149,8,7,3,1,12,1,,1,,,,,,
DD-099600013,C.YOUTH SER LIFT SLEEVE 30ML INT18,,C099600013,,,40,0,1,5,,,,,3,1,5,20,30,492,97,39,149,8,7,3,1,12,1,,1,,,,,,
DD-099600076,C.YOUTH SER MAT SLEEV 30ML INT18,,C099600076,,,40,0,1,5,,,,,3,1,5,20,30,492,97,39,149,8,7,3,1,12,1,,1,,,,,,
DD-099600077,C.YOUTH SER SOOTH SLEEV 30ML INT18,,C099600077,,,40,0,1,5,,,,,3,1,5,20,30,492,97,39,149,8,7,3,1,12,1,,1,,,,,,
DD-021243000,DBRZ SELF TAN FACE GEL TB 50ML INT,,F021243000,,,40,0,1,5,,,,,3,1,5,20,30,492,97,50,148,8,8,3,1,12,1,,1,,,,,,
DD-021245000,DBRZ SELF TAN BODY GEL TB 150ML IN,,F021245000,,,40,0,1,5,,,,,3,1,5,20,30,492,97,50,148,8,20,3,1,12,1,,1,,,,,,
DD-099600074,DBRONZE OIL IN MIST SPF15 SPR125ML,,C099600074,,,40,0,1,5,,,,,3,1,5,20,30,492,97,50,148,8,11,3,1,12,1,,1,,,,,,
DD-041053000,SNOW CLOUD CR JAR 50ML INT17,,F041053000,,,40,0,1,5,,,,,3,1,5,20,30,492,97,42,150,8,8,3,1,12,1,,1,,,,,,
DD-042232000,SNOW BLOOMPERFECT P/BTL 30ML INT16,,F042232000,,,40,0,1,5,,,,,3,1,5,20,30,492,97,42,150,8,7,3,1,12,1,,1,,,,,,
DD-046042020,SNOW FRESH CC CR 020 TB 30ML CH/KR,,F046042020,,,40,0,1,5,,,,,3,1,5,20,30,492,97,42,150,8,7,3,1,12,1,,1,,,,,,
DD-046112000,SNOW SER ESS OF LIGHT BTL 30ML INT,,F046112000,,,40,0,1,5,,,,,3,1,5,20,30,492,97,42,150,8,7,3,1,12,1,,1,,,,,,
DD-048152000,SNOW UV PROTECT SPF50+ CR TB 30ML,,F048152000,,,40,0,1,5,,,,,3,1,5,20,30,492,97,42,150,8,7,3,1,12,1,,1,,,,,,
DD-048245004,SNOW WR GENTLE PURIFYING FOAM TB 1,,F048245004,,,40,0,1,5,,,,,3,1,5,20,30,492,97,42,150,8,30,3,1,12,1,,1,,,,,,
DD-004000010,DRSK MOIST CUSH 010 2X15G INT18,,C004000010,,,40,0,1,5,,,,,3,1,5,20,30,492,97,43,151,8,1,3,1,12,1,,1,,,,,,
DD-004000020,DRSK MOIST CUSH 020 2X15G INT18,,C004000020,,,40,0,1,5,,,,,3,1,5,20,30,492,97,43,151,8,1,3,1,12,1,,1,,,,,,
DD-004000030,DRSK MOIST CUSH 030 2X15G INT18,,C004000030,,,40,0,1,5,,,,,3,1,5,20,30,492,97,43,151,8,1,3,1,12,1,,1,,,,,,
DD-005500100,DRSK MOIST CUS NW/FB 100(000)2X15G,,C005500100,,,40,0,1,5,,,,,3,1,5,20,30,492,97,43,151,8,1,3,1,12,1,,1,,,,,,
DD-002590000,DEMAQ EXFOLIATING POWDER INT17,,F002590000,,,40,0,1,5,,,,,3,1,5,20,30,492,97,44,152,8,1,3,1,12,1,,1,,,,,,
DD-012135000,DEMAQ LOTION IN FOAM P/BTL 190ML I,,F012135000,,,40,0,1,5,,,,,3,1,5,20,30,492,97,44,152,8,31,3,1,12,1,,1,,,,,,
DD-012136000,DEMAQ MICELLAR WATER P/BTL 200ML I,,F012136000,,,40,0,1,5,,,,,3,1,5,20,30,492,97,44,152,8,21,3,1,12,1,,1,,,,,,
DD-022136000,DEMAQ OIL TO MIL P/BTL 200ML INT17,,F022136000,,,40,0,1,5,,,,,3,1,5,20,30,492,97,44,152,8,21,3,1,12,1,,1,,,,,,
DD-030153000,HLIF SLEEPING MASK JAR 50ML INT16,,F030153000,,,40,0,1,5,,,,,3,1,5,20,30,492,97,44,152,8,8,3,1,12,1,,1,,,,,,
DD-045143001,HLIF BB CREME TB 001 50ML INT13,,F045143001,,,40,0,1,5,,,,,3,1,5,20,30,492,97,44,152,8,8,3,1,12,1,,1,,,,,,
DD-045143003,HLIF BB CREME TB 003 50ML INT13,,F045143003,,,40,0,1,5,,,,,3,1,5,20,30,492,97,44,152,8,8,3,1,12,1,,1,,,,,,
DD-069053001,HLIFE GLOW MASK JAR 50ML INT17,,F069053001,,,40,0,1,5,,,,,3,1,5,20,30,492,97,44,152,8,8,3,1,12,1,,1,,,,,,
DD-069153000,LIFE NUTRITION MASK JAR 50ML INT17,,F069153000,,,40,0,1,5,,,,,3,1,5,20,30,492,97,44,152,8,8,3,1,12,1,,1,,,,,,
DD-069212000,LIFE WATER ESSENCE BTL 40ML INT17,,F069212000,,,40,0,1,5,,,,,3,1,5,20,30,492,97,44,152,8,26,3,1,12,1,,1,,,,,,
DD-069253000,LIFE FRESH CREME JAR 50ML INT17,,F069253000,,,40,0,1,5,,,,,3,1,5,20,30,492,97,44,152,8,8,3,1,12,1,,1,,,,,,
DD-069553000,LIFE PORE MASK JAR 50ML INT17,,F069553000,,,40,0,1,5,,,,,3,1,5,20,30,492,97,44,152,8,8,3,1,12,1,,1,,,,,,
DD-099600030,HLIFE SORBET EYE GEL TB APPL 15ML,,C099600030,,,40,0,1,5,,,,,3,1,5,20,30,491,97,44,152,8,13,3,1,12,1,,1,,,,,,
DD-099600031,HLFE SORBET RICH CREAM JAR 50ML IN,,C099600031,,,40,0,1,5,,,,,3,1,5,20,30,492,97,44,152,8,8,3,1,12,1,,1,,,,,,
DD-099600032,HLIFE MICEL MILK BTL 200ML INT18,,C099600032,,,40,0,1,5,,,,,3,1,5,20,30,492,97,44,152,8,21,3,1,12,1,,1,,,,,,
DD-099600033,HLIFE TRI PHASE CLN FL BTL 125ML I,,C099600033,,,40,0,1,5,,,,,3,1,5,20,30,492,97,44,152,8,11,3,1,12,1,,1,,,,,,
DD-099600034,HLIFE SORBET WATER BTL 175ML INT18,,C099600034,,,40,0,1,5,,,,,3,1,5,20,30,492,97,44,152,8,32,3,1,12,1,,1,,,,,,
DD-060051000,ODV LA CRM CONT EYE/LIP REFILLABLE,,F060051000,,,40,0,1,5,,,,,3,1,5,20,30,492,97,45,153,8,13,3,1,12,1,,1,,,,,,
DD-060051099,ODV LA CRM CONT EYE/LIP REFILL 15M,,F060051099,,,40,0,1,5,,,,,3,1,5,20,30,492,97,45,153,8,7,3,1,12,1,,1,,,,,,
DD-062232000,DOR ODV SRM REFILL /BTL30ML INT11,,F062232000,,,40,0,1,5,,,,,3,1,5,20,30,492,97,45,153,8,7,3,1,12,1,,1,,,,,,
DD-062232099,DOR ODV SRM REFILL/BTL 30ML INT11,,F062232099,,,40,0,1,5,,,,,3,1,5,20,30,492,97,45,153,8,7,3,1,12,1,,1,,,,,,
DD-062453100,L'OR DE VIE LA CREME REFILLABLE 50,,F062453100,,,40,0,1,5,,,,,3,1,5,20,30,492,97,45,153,8,8,3,1,12,1,,1,,,,,,
DD-062453199,L'OR DE VIE LA CREME REFILL 50ML,,F062453199,,,40,0,1,5,,,,,3,1,5,20,30,492,97,45,153,8,8,3,1,12,1,,1,,,,,,
DD-072131000,O.ESS EYE TREAT P/BTL 15ML INT16,,F072131000,,,40,0,1,5,,,,,3,1,5,20,30,491,97,46,154,8,13,3,1,12,1,,1,,,,,,
DD-072335000,O.ESS MIST-LOTION P/BTL 125ML INT1,,F072335000,,,40,0,1,5,,,,,3,1,5,20,30,492,97,46,154,8,11,3,1,12,1,,1,,,,,,
DD-072533080,O.ESS BOOST SR P/BTL 50ML CN17,,F072533080,,,40,0,1,5,,,,,3,1,5,20,30,492,97,46,154,8,8,3,1,12,1,,1,,,,,,
DD-072534080,O.ESS BOOST SR P/BTL 75ML CN17,,F072534080,,,40,0,1,5,,,,,3,1,5,20,30,492,97,46,154,8,9,3,1,12,1,,1,,,,,,
DD-072535080,O.ESS BOOST SR P/BTL 30ML CN17,,F072535080,,,40,0,1,5,,,,,3,1,5,20,30,492,97,46,154,8,7,3,1,12,1,,1,,,,,,
DD-039252800,PREST WH LIGHT IN UV BASE BTL 30ML,,F039252800,,,40,0,1,5,,,,,3,1,5,20,30,492,97,47,155,8,7,3,1,12,1,,1,,,,,,
DD-039253800,DIOR PRESTIGE LIGHT-IN-WHITE LIGHT,,F039253800,,,40,0,1,5,,,,,3,1,5,20,30,492,97,47,155,8,8,3,1,12,1,,1,,,,,,
DD-063090012,PRESTIGE CUSHION BOX 012 15G INT18,,F063090012,,,40,0,1,5,,,,,3,1,5,20,30,492,97,47,155,8,12,3,1,12,1,,1,,,,,,
DD-063090020,PRESTIGE CUSHION BOX 020 15G INT18,,F063090020,,,40,0,1,5,,,,,3,1,5,20,30,492,97,47,155,8,12,3,1,12,1,,1,,,,,,
DD-063090030,PRESTIGE CUSHION BOX 030 15G INT18,,F063090030,,,40,0,1,5,,,,,3,1,5,20,30,492,97,47,155,8,12,3,1,12,1,,1,,,,,,
DD-065751000,PREST CR EYES JAR 15ML INT16,,F065751000,,,40,0,1,5,,,,,3,1,5,20,30,491,97,47,155,8,13,3,1,12,1,,1,,,,,,
DD-066153000,PREST LIGHT CR JAR 50ML INT16,,F066153000,,,40,0,1,5,,,,,3,1,5,20,30,492,97,47,155,8,8,3,1,12,1,,1,,,,,,
DD-067053000,PREST CREME JAR 50ML INT15,,F067053000,,,40,0,1,5,,,,,3,1,5,20,30,492,97,47,155,8,8,3,1,12,1,,1,,,,,,
DD-067132000,PREST HUILE DE ROSE P/BTL 30ML INT,,F067132000,,,40,0,1,5,,,,,3,1,5,20,30,492,97,47,155,8,7,3,1,12,1,,1,,,,,,
DD-067653000,PREST RICH CR JAR 50ML INT17,,F067653000,,,40,0,1,5,,,,,3,1,5,20,30,492,97,47,155,8,8,3,1,12,1,,1,,,,,,
DD-068853000,PRESTIGE NIGHT CREME JAR 50ML,,F068853000,,,40,0,1,5,,,,,3,1,5,20,30,492,97,47,155,8,8,3,1,12,1,,1,,,,,,
DD-099600035,PREST MICELLAR FOAM TUBE 120ML INT,,C099600035,,,40,0,1,5,,,,,3,1,5,20,30,492,97,47,155,8,17,3,1,12,1,,1,,,,,,
DD-099600036,PREST BALM JAR 150ML INT18,,C099600036,,,40,0,1,5,,,,,3,1,5,20,30,492,97,47,155,8,20,3,1,12,1,,1,,,,,,
DD-099600037,PREST SCRUB JAR 150ML INT18,,C099600037,,,40,0,1,5,,,,,3,1,5,20,30,492,97,47,155,8,20,3,1,12,1,,1,,,,,,
DD-099600087,SERUM DE ROSE EYE TB,,C099600087,,,40,0,1,5,,,,,3,1,5,20,30,491,97,47,155,8,13,3,1,12,1,,1,,,,,,
DD-001,JADORE EDT TESTER,,T001,,,40,0,1,5,,,,,1,1,5,20,35,638,97,23,156,8,11,3,2,12,1,,1,,,,,,
